[2025-12-05 13:07:37] ERROR: uncaughtException: Cannot find module './appwrite.service'
Require stack:
- C:\Users\ANTHONY WAI\Desktop\NileFlowBackend\services\user.service.js
- C:\Users\ANTHONY WAI\Desktop\NileFlowBackend\controllers\auth.controller.js
- C:\Users\ANTHONY WAI\Desktop\NileFlowBackend\routes\authRoutes.js
- C:\Users\ANTHONY WAI\Desktop\NileFlowBackend\src\index.js
Error: Cannot find module './appwrite.service'
Require stack:
- C:\Users\ANTHONY WAI\Desktop\NileFlowBackend\services\user.service.js
- C:\Users\ANTHONY WAI\Desktop\NileFlowBackend\controllers\auth.controller.js
- C:\Users\ANTHONY WAI\Desktop\NileFlowBackend\routes\authRoutes.js
- C:\Users\ANTHONY WAI\Desktop\NileFlowBackend\src\index.js
    at Module._resolveFilename (node:internal/modules/cjs/loader:1420:15)
    at defaultResolveImpl (node:internal/modules/cjs/loader:1058:19)
    at resolveForCJSWithHooks (node:internal/modules/cjs/loader:1063:22)
    at Module._load (node:internal/modules/cjs/loader:1226:37)
    at TracingChannel.traceSync (node:diagnostics_channel:328:14)
    at wrapModuleLoad (node:internal/modules/cjs/loader:245:24)
    at Module.require (node:internal/modules/cjs/loader:1503:12)
    at require (node:internal/modules/helpers:152:16)
    at Object.<anonymous> (C:\Users\ANTHONY WAI\Desktop\NileFlowBackend\services\user.service.js:2:16)
    at Module._compile (node:internal/modules/cjs/loader:1760:14) {"error":{"code":"MODULE_NOT_FOUND","requireStack":["C:\\Users\\ANTHONY WAI\\Desktop\\NileFlowBackend\\services\\user.service.js","C:\\Users\\ANTHONY WAI\\Desktop\\NileFlowBackend\\controllers\\auth.controller.js","C:\\Users\\ANTHONY WAI\\Desktop\\NileFlowBackend\\routes\\authRoutes.js","C:\\Users\\ANTHONY WAI\\Desktop\\NileFlowBackend\\src\\index.js"]},"stack":"Error: Cannot find module './appwrite.service'\nRequire stack:\n- C:\\Users\\ANTHONY WAI\\Desktop\\NileFlowBackend\\services\\user.service.js\n- C:\\Users\\ANTHONY WAI\\Desktop\\NileFlowBackend\\controllers\\auth.controller.js\n- C:\\Users\\ANTHONY WAI\\Desktop\\NileFlowBackend\\routes\\authRoutes.js\n- C:\\Users\\ANTHONY WAI\\Desktop\\NileFlowBackend\\src\\index.js\n    at Module._resolveFilename (node:internal/modules/cjs/loader:1420:15)\n    at defaultResolveImpl (node:internal/modules/cjs/loader:1058:19)\n    at resolveForCJSWithHooks (node:internal/modules/cjs/loader:1063:22)\n    at Module._load (node:internal/modules/cjs/loader:1226:37)\n    at TracingChannel.traceSync (node:diagnostics_channel:328:14)\n    at wrapModuleLoad (node:internal/modules/cjs/loader:245:24)\n    at Module.require (node:internal/modules/cjs/loader:1503:12)\n    at require (node:internal/modules/helpers:152:16)\n    at Object.<anonymous> (C:\\Users\\ANTHONY WAI\\Desktop\\NileFlowBackend\\services\\user.service.js:2:16)\n    at Module._compile (node:internal/modules/cjs/loader:1760:14)","exception":true,"date":"Fri Dec 05 2025 13:07:37 GMT+0300 (East Africa Time)","process":{"pid":2096,"uid":null,"gid":null,"cwd":"C:\\Users\\ANTHONY WAI\\Desktop\\NileFlowBackend","execPath":"C:\\Program Files\\nodejs\\node.exe","version":"v25.1.0","argv":["C:\\Program Files\\nodejs\\node.exe","C:\\Users\\ANTHONY WAI\\Desktop\\NileFlowBackend\\src\\index.js"],"memoryUsage":{"rss":76312576,"heapTotal":29638656,"heapUsed":16247784,"external":3648948,"arrayBuffers":74937}},"os":{"loadavg":[0,0,0],"uptime":6983.421},"trace":[{"column":15,"file":"node:internal/modules/cjs/loader","function":"Module._resolveFilename","line":1420,"method":"_resolveFilename","native":false},{"column":19,"file":"node:internal/modules/cjs/loader","function":"defaultResolveImpl","line":1058,"method":null,"native":false},{"column":22,"file":"node:internal/modules/cjs/loader","function":"resolveForCJSWithHooks","line":1063,"method":null,"native":false},{"column":37,"file":"node:internal/modules/cjs/loader","function":"Module._load","line":1226,"method":"_load","native":false},{"column":14,"file":"node:diagnostics_channel","function":"TracingChannel.traceSync","line":328,"method":"traceSync","native":false},{"column":24,"file":"node:internal/modules/cjs/loader","function":"wrapModuleLoad","line":245,"method":null,"native":false},{"column":12,"file":"node:internal/modules/cjs/loader","function":"Module.require","line":1503,"method":"require","native":false},{"column":16,"file":"node:internal/modules/helpers","function":"require","line":152,"method":null,"native":false},{"column":16,"file":"C:\\Users\\ANTHONY WAI\\Desktop\\NileFlowBackend\\services\\user.service.js","function":null,"line":2,"method":null,"native":false},{"column":14,"file":"node:internal/modules/cjs/loader","function":"Module._compile","line":1760,"method":"_compile","native":false}],"service":"nile-mart-api","env":"development"}
[2025-12-05 13:17:46] ERROR: uncaughtException: Cannot find module './appwrite.service'
Require stack:
- C:\Users\ANTHONY WAI\Desktop\NileFlowBackend\services\user.service.js
- C:\Users\ANTHONY WAI\Desktop\NileFlowBackend\controllers\auth.controller.js
- C:\Users\ANTHONY WAI\Desktop\NileFlowBackend\routes\authRoutes.js
- C:\Users\ANTHONY WAI\Desktop\NileFlowBackend\src\index.js
Error: Cannot find module './appwrite.service'
Require stack:
- C:\Users\ANTHONY WAI\Desktop\NileFlowBackend\services\user.service.js
- C:\Users\ANTHONY WAI\Desktop\NileFlowBackend\controllers\auth.controller.js
- C:\Users\ANTHONY WAI\Desktop\NileFlowBackend\routes\authRoutes.js
- C:\Users\ANTHONY WAI\Desktop\NileFlowBackend\src\index.js
    at Module._resolveFilename (node:internal/modules/cjs/loader:1420:15)
    at defaultResolveImpl (node:internal/modules/cjs/loader:1058:19)
    at resolveForCJSWithHooks (node:internal/modules/cjs/loader:1063:22)
    at Module._load (node:internal/modules/cjs/loader:1226:37)
    at TracingChannel.traceSync (node:diagnostics_channel:328:14)
    at wrapModuleLoad (node:internal/modules/cjs/loader:245:24)
    at Module.require (node:internal/modules/cjs/loader:1503:12)
    at require (node:internal/modules/helpers:152:16)
    at Object.<anonymous> (C:\Users\ANTHONY WAI\Desktop\NileFlowBackend\services\user.service.js:2:16)
    at Module._compile (node:internal/modules/cjs/loader:1760:14) {"error":{"code":"MODULE_NOT_FOUND","requireStack":["C:\\Users\\ANTHONY WAI\\Desktop\\NileFlowBackend\\services\\user.service.js","C:\\Users\\ANTHONY WAI\\Desktop\\NileFlowBackend\\controllers\\auth.controller.js","C:\\Users\\ANTHONY WAI\\Desktop\\NileFlowBackend\\routes\\authRoutes.js","C:\\Users\\ANTHONY WAI\\Desktop\\NileFlowBackend\\src\\index.js"]},"stack":"Error: Cannot find module './appwrite.service'\nRequire stack:\n- C:\\Users\\ANTHONY WAI\\Desktop\\NileFlowBackend\\services\\user.service.js\n- C:\\Users\\ANTHONY WAI\\Desktop\\NileFlowBackend\\controllers\\auth.controller.js\n- C:\\Users\\ANTHONY WAI\\Desktop\\NileFlowBackend\\routes\\authRoutes.js\n- C:\\Users\\ANTHONY WAI\\Desktop\\NileFlowBackend\\src\\index.js\n    at Module._resolveFilename (node:internal/modules/cjs/loader:1420:15)\n    at defaultResolveImpl (node:internal/modules/cjs/loader:1058:19)\n    at resolveForCJSWithHooks (node:internal/modules/cjs/loader:1063:22)\n    at Module._load (node:internal/modules/cjs/loader:1226:37)\n    at TracingChannel.traceSync (node:diagnostics_channel:328:14)\n    at wrapModuleLoad (node:internal/modules/cjs/loader:245:24)\n    at Module.require (node:internal/modules/cjs/loader:1503:12)\n    at require (node:internal/modules/helpers:152:16)\n    at Object.<anonymous> (C:\\Users\\ANTHONY WAI\\Desktop\\NileFlowBackend\\services\\user.service.js:2:16)\n    at Module._compile (node:internal/modules/cjs/loader:1760:14)","exception":true,"date":"Fri Dec 05 2025 13:17:46 GMT+0300 (East Africa Time)","process":{"pid":1060,"uid":null,"gid":null,"cwd":"C:\\Users\\ANTHONY WAI\\Desktop\\NileFlowBackend","execPath":"C:\\Program Files\\nodejs\\node.exe","version":"v25.1.0","argv":["C:\\Program Files\\nodejs\\node.exe","C:\\Users\\ANTHONY WAI\\Desktop\\NileFlowBackend\\src\\index.js"],"memoryUsage":{"rss":75767808,"heapTotal":29114368,"heapUsed":16202272,"external":3648948,"arrayBuffers":74937}},"os":{"loadavg":[0,0,0],"uptime":7592.671},"trace":[{"column":15,"file":"node:internal/modules/cjs/loader","function":"Module._resolveFilename","line":1420,"method":"_resolveFilename","native":false},{"column":19,"file":"node:internal/modules/cjs/loader","function":"defaultResolveImpl","line":1058,"method":null,"native":false},{"column":22,"file":"node:internal/modules/cjs/loader","function":"resolveForCJSWithHooks","line":1063,"method":null,"native":false},{"column":37,"file":"node:internal/modules/cjs/loader","function":"Module._load","line":1226,"method":"_load","native":false},{"column":14,"file":"node:diagnostics_channel","function":"TracingChannel.traceSync","line":328,"method":"traceSync","native":false},{"column":24,"file":"node:internal/modules/cjs/loader","function":"wrapModuleLoad","line":245,"method":null,"native":false},{"column":12,"file":"node:internal/modules/cjs/loader","function":"Module.require","line":1503,"method":"require","native":false},{"column":16,"file":"node:internal/modules/helpers","function":"require","line":152,"method":null,"native":false},{"column":16,"file":"C:\\Users\\ANTHONY WAI\\Desktop\\NileFlowBackend\\services\\user.service.js","function":null,"line":2,"method":null,"native":false},{"column":14,"file":"node:internal/modules/cjs/loader","function":"Module._compile","line":1760,"method":"_compile","native":false}],"service":"nile-mart-api","env":"development"}
[2025-12-05 13:17:54] ERROR: uncaughtException: Cannot find module './appwrite.service'
Require stack:
- C:\Users\ANTHONY WAI\Desktop\NileFlowBackend\services\user.service.js
- C:\Users\ANTHONY WAI\Desktop\NileFlowBackend\controllers\auth.controller.js
- C:\Users\ANTHONY WAI\Desktop\NileFlowBackend\routes\authRoutes.js
- C:\Users\ANTHONY WAI\Desktop\NileFlowBackend\src\index.js
Error: Cannot find module './appwrite.service'
Require stack:
- C:\Users\ANTHONY WAI\Desktop\NileFlowBackend\services\user.service.js
- C:\Users\ANTHONY WAI\Desktop\NileFlowBackend\controllers\auth.controller.js
- C:\Users\ANTHONY WAI\Desktop\NileFlowBackend\routes\authRoutes.js
- C:\Users\ANTHONY WAI\Desktop\NileFlowBackend\src\index.js
    at Module._resolveFilename (node:internal/modules/cjs/loader:1420:15)
    at defaultResolveImpl (node:internal/modules/cjs/loader:1058:19)
    at resolveForCJSWithHooks (node:internal/modules/cjs/loader:1063:22)
    at Module._load (node:internal/modules/cjs/loader:1226:37)
    at TracingChannel.traceSync (node:diagnostics_channel:328:14)
    at wrapModuleLoad (node:internal/modules/cjs/loader:245:24)
    at Module.require (node:internal/modules/cjs/loader:1503:12)
    at require (node:internal/modules/helpers:152:16)
    at Object.<anonymous> (C:\Users\ANTHONY WAI\Desktop\NileFlowBackend\services\user.service.js:2:16)
    at Module._compile (node:internal/modules/cjs/loader:1760:14) {"error":{"code":"MODULE_NOT_FOUND","requireStack":["C:\\Users\\ANTHONY WAI\\Desktop\\NileFlowBackend\\services\\user.service.js","C:\\Users\\ANTHONY WAI\\Desktop\\NileFlowBackend\\controllers\\auth.controller.js","C:\\Users\\ANTHONY WAI\\Desktop\\NileFlowBackend\\routes\\authRoutes.js","C:\\Users\\ANTHONY WAI\\Desktop\\NileFlowBackend\\src\\index.js"]},"stack":"Error: Cannot find module './appwrite.service'\nRequire stack:\n- C:\\Users\\ANTHONY WAI\\Desktop\\NileFlowBackend\\services\\user.service.js\n- C:\\Users\\ANTHONY WAI\\Desktop\\NileFlowBackend\\controllers\\auth.controller.js\n- C:\\Users\\ANTHONY WAI\\Desktop\\NileFlowBackend\\routes\\authRoutes.js\n- C:\\Users\\ANTHONY WAI\\Desktop\\NileFlowBackend\\src\\index.js\n    at Module._resolveFilename (node:internal/modules/cjs/loader:1420:15)\n    at defaultResolveImpl (node:internal/modules/cjs/loader:1058:19)\n    at resolveForCJSWithHooks (node:internal/modules/cjs/loader:1063:22)\n    at Module._load (node:internal/modules/cjs/loader:1226:37)\n    at TracingChannel.traceSync (node:diagnostics_channel:328:14)\n    at wrapModuleLoad (node:internal/modules/cjs/loader:245:24)\n    at Module.require (node:internal/modules/cjs/loader:1503:12)\n    at require (node:internal/modules/helpers:152:16)\n    at Object.<anonymous> (C:\\Users\\ANTHONY WAI\\Desktop\\NileFlowBackend\\services\\user.service.js:2:16)\n    at Module._compile (node:internal/modules/cjs/loader:1760:14)","exception":true,"date":"Fri Dec 05 2025 13:17:54 GMT+0300 (East Africa Time)","process":{"pid":4592,"uid":null,"gid":null,"cwd":"C:\\Users\\ANTHONY WAI\\Desktop\\NileFlowBackend","execPath":"C:\\Program Files\\nodejs\\node.exe","version":"v25.1.0","argv":["C:\\Program Files\\nodejs\\node.exe","C:\\Users\\ANTHONY WAI\\Desktop\\NileFlowBackend\\src\\index.js"],"memoryUsage":{"rss":75739136,"heapTotal":29376512,"heapUsed":16246808,"external":3648948,"arrayBuffers":74937}},"os":{"loadavg":[0,0,0],"uptime":7600.265},"trace":[{"column":15,"file":"node:internal/modules/cjs/loader","function":"Module._resolveFilename","line":1420,"method":"_resolveFilename","native":false},{"column":19,"file":"node:internal/modules/cjs/loader","function":"defaultResolveImpl","line":1058,"method":null,"native":false},{"column":22,"file":"node:internal/modules/cjs/loader","function":"resolveForCJSWithHooks","line":1063,"method":null,"native":false},{"column":37,"file":"node:internal/modules/cjs/loader","function":"Module._load","line":1226,"method":"_load","native":false},{"column":14,"file":"node:diagnostics_channel","function":"TracingChannel.traceSync","line":328,"method":"traceSync","native":false},{"column":24,"file":"node:internal/modules/cjs/loader","function":"wrapModuleLoad","line":245,"method":null,"native":false},{"column":12,"file":"node:internal/modules/cjs/loader","function":"Module.require","line":1503,"method":"require","native":false},{"column":16,"file":"node:internal/modules/helpers","function":"require","line":152,"method":null,"native":false},{"column":16,"file":"C:\\Users\\ANTHONY WAI\\Desktop\\NileFlowBackend\\services\\user.service.js","function":null,"line":2,"method":null,"native":false},{"column":14,"file":"node:internal/modules/cjs/loader","function":"Module._compile","line":1760,"method":"_compile","native":false}],"service":"nile-mart-api","env":"development"}
[2025-12-05 13:21:07] ERROR: uncaughtException: Cannot find module './appwrite.service'
Require stack:
- C:\Users\ANTHONY WAI\Desktop\NileFlowBackend\services\user.service.js
- C:\Users\ANTHONY WAI\Desktop\NileFlowBackend\controllers\auth.controller.js
- C:\Users\ANTHONY WAI\Desktop\NileFlowBackend\routes\authRoutes.js
- C:\Users\ANTHONY WAI\Desktop\NileFlowBackend\src\index.js
Error: Cannot find module './appwrite.service'
Require stack:
- C:\Users\ANTHONY WAI\Desktop\NileFlowBackend\services\user.service.js
- C:\Users\ANTHONY WAI\Desktop\NileFlowBackend\controllers\auth.controller.js
- C:\Users\ANTHONY WAI\Desktop\NileFlowBackend\routes\authRoutes.js
- C:\Users\ANTHONY WAI\Desktop\NileFlowBackend\src\index.js
    at Module._resolveFilename (node:internal/modules/cjs/loader:1420:15)
    at defaultResolveImpl (node:internal/modules/cjs/loader:1058:19)
    at resolveForCJSWithHooks (node:internal/modules/cjs/loader:1063:22)
    at Module._load (node:internal/modules/cjs/loader:1226:37)
    at TracingChannel.traceSync (node:diagnostics_channel:328:14)
    at wrapModuleLoad (node:internal/modules/cjs/loader:245:24)
    at Module.require (node:internal/modules/cjs/loader:1503:12)
    at require (node:internal/modules/helpers:152:16)
    at Object.<anonymous> (C:\Users\ANTHONY WAI\Desktop\NileFlowBackend\services\user.service.js:2:16)
    at Module._compile (node:internal/modules/cjs/loader:1760:14) {"error":{"code":"MODULE_NOT_FOUND","requireStack":["C:\\Users\\ANTHONY WAI\\Desktop\\NileFlowBackend\\services\\user.service.js","C:\\Users\\ANTHONY WAI\\Desktop\\NileFlowBackend\\controllers\\auth.controller.js","C:\\Users\\ANTHONY WAI\\Desktop\\NileFlowBackend\\routes\\authRoutes.js","C:\\Users\\ANTHONY WAI\\Desktop\\NileFlowBackend\\src\\index.js"]},"stack":"Error: Cannot find module './appwrite.service'\nRequire stack:\n- C:\\Users\\ANTHONY WAI\\Desktop\\NileFlowBackend\\services\\user.service.js\n- C:\\Users\\ANTHONY WAI\\Desktop\\NileFlowBackend\\controllers\\auth.controller.js\n- C:\\Users\\ANTHONY WAI\\Desktop\\NileFlowBackend\\routes\\authRoutes.js\n- C:\\Users\\ANTHONY WAI\\Desktop\\NileFlowBackend\\src\\index.js\n    at Module._resolveFilename (node:internal/modules/cjs/loader:1420:15)\n    at defaultResolveImpl (node:internal/modules/cjs/loader:1058:19)\n    at resolveForCJSWithHooks (node:internal/modules/cjs/loader:1063:22)\n    at Module._load (node:internal/modules/cjs/loader:1226:37)\n    at TracingChannel.traceSync (node:diagnostics_channel:328:14)\n    at wrapModuleLoad (node:internal/modules/cjs/loader:245:24)\n    at Module.require (node:internal/modules/cjs/loader:1503:12)\n    at require (node:internal/modules/helpers:152:16)\n    at Object.<anonymous> (C:\\Users\\ANTHONY WAI\\Desktop\\NileFlowBackend\\services\\user.service.js:2:16)\n    at Module._compile (node:internal/modules/cjs/loader:1760:14)","exception":true,"date":"Fri Dec 05 2025 13:21:07 GMT+0300 (East Africa Time)","process":{"pid":7264,"uid":null,"gid":null,"cwd":"C:\\Users\\ANTHONY WAI\\Desktop\\NileFlowBackend","execPath":"C:\\Program Files\\nodejs\\node.exe","version":"v25.1.0","argv":["C:\\Program Files\\nodejs\\node.exe","C:\\Users\\ANTHONY WAI\\Desktop\\NileFlowBackend\\src\\index.js"],"memoryUsage":{"rss":72019968,"heapTotal":25706496,"heapUsed":19685000,"external":3648948,"arrayBuffers":74937}},"os":{"loadavg":[0,0,0],"uptime":7793.765},"trace":[{"column":15,"file":"node:internal/modules/cjs/loader","function":"Module._resolveFilename","line":1420,"method":"_resolveFilename","native":false},{"column":19,"file":"node:internal/modules/cjs/loader","function":"defaultResolveImpl","line":1058,"method":null,"native":false},{"column":22,"file":"node:internal/modules/cjs/loader","function":"resolveForCJSWithHooks","line":1063,"method":null,"native":false},{"column":37,"file":"node:internal/modules/cjs/loader","function":"Module._load","line":1226,"method":"_load","native":false},{"column":14,"file":"node:diagnostics_channel","function":"TracingChannel.traceSync","line":328,"method":"traceSync","native":false},{"column":24,"file":"node:internal/modules/cjs/loader","function":"wrapModuleLoad","line":245,"method":null,"native":false},{"column":12,"file":"node:internal/modules/cjs/loader","function":"Module.require","line":1503,"method":"require","native":false},{"column":16,"file":"node:internal/modules/helpers","function":"require","line":152,"method":null,"native":false},{"column":16,"file":"C:\\Users\\ANTHONY WAI\\Desktop\\NileFlowBackend\\services\\user.service.js","function":null,"line":2,"method":null,"native":false},{"column":14,"file":"node:internal/modules/cjs/loader","function":"Module._compile","line":1760,"method":"_compile","native":false}],"service":"nile-mart-api","env":"development"}
[2025-12-05 13:24:23] ERROR: uncaughtException: Cannot find module './appwrite.service'
Require stack:
- C:\Users\ANTHONY WAI\Desktop\NileFlowBackend\services\user.service.js
- C:\Users\ANTHONY WAI\Desktop\NileFlowBackend\controllers\auth.controller.js
- C:\Users\ANTHONY WAI\Desktop\NileFlowBackend\routes\authRoutes.js
- C:\Users\ANTHONY WAI\Desktop\NileFlowBackend\src\index.js
Error: Cannot find module './appwrite.service'
Require stack:
- C:\Users\ANTHONY WAI\Desktop\NileFlowBackend\services\user.service.js
- C:\Users\ANTHONY WAI\Desktop\NileFlowBackend\controllers\auth.controller.js
- C:\Users\ANTHONY WAI\Desktop\NileFlowBackend\routes\authRoutes.js
- C:\Users\ANTHONY WAI\Desktop\NileFlowBackend\src\index.js
    at Module._resolveFilename (node:internal/modules/cjs/loader:1420:15)
    at defaultResolveImpl (node:internal/modules/cjs/loader:1058:19)
    at resolveForCJSWithHooks (node:internal/modules/cjs/loader:1063:22)
    at Module._load (node:internal/modules/cjs/loader:1226:37)
    at TracingChannel.traceSync (node:diagnostics_channel:328:14)
    at wrapModuleLoad (node:internal/modules/cjs/loader:245:24)
    at Module.require (node:internal/modules/cjs/loader:1503:12)
    at require (node:internal/modules/helpers:152:16)
    at Object.<anonymous> (C:\Users\ANTHONY WAI\Desktop\NileFlowBackend\services\user.service.js:2:16)
    at Module._compile (node:internal/modules/cjs/loader:1760:14) {"error":{"code":"MODULE_NOT_FOUND","requireStack":["C:\\Users\\ANTHONY WAI\\Desktop\\NileFlowBackend\\services\\user.service.js","C:\\Users\\ANTHONY WAI\\Desktop\\NileFlowBackend\\controllers\\auth.controller.js","C:\\Users\\ANTHONY WAI\\Desktop\\NileFlowBackend\\routes\\authRoutes.js","C:\\Users\\ANTHONY WAI\\Desktop\\NileFlowBackend\\src\\index.js"]},"stack":"Error: Cannot find module './appwrite.service'\nRequire stack:\n- C:\\Users\\ANTHONY WAI\\Desktop\\NileFlowBackend\\services\\user.service.js\n- C:\\Users\\ANTHONY WAI\\Desktop\\NileFlowBackend\\controllers\\auth.controller.js\n- C:\\Users\\ANTHONY WAI\\Desktop\\NileFlowBackend\\routes\\authRoutes.js\n- C:\\Users\\ANTHONY WAI\\Desktop\\NileFlowBackend\\src\\index.js\n    at Module._resolveFilename (node:internal/modules/cjs/loader:1420:15)\n    at defaultResolveImpl (node:internal/modules/cjs/loader:1058:19)\n    at resolveForCJSWithHooks (node:internal/modules/cjs/loader:1063:22)\n    at Module._load (node:internal/modules/cjs/loader:1226:37)\n    at TracingChannel.traceSync (node:diagnostics_channel:328:14)\n    at wrapModuleLoad (node:internal/modules/cjs/loader:245:24)\n    at Module.require (node:internal/modules/cjs/loader:1503:12)\n    at require (node:internal/modules/helpers:152:16)\n    at Object.<anonymous> (C:\\Users\\ANTHONY WAI\\Desktop\\NileFlowBackend\\services\\user.service.js:2:16)\n    at Module._compile (node:internal/modules/cjs/loader:1760:14)","exception":true,"date":"Fri Dec 05 2025 13:24:23 GMT+0300 (East Africa Time)","process":{"pid":2580,"uid":null,"gid":null,"cwd":"C:\\Users\\ANTHONY WAI\\Desktop\\NileFlowBackend","execPath":"C:\\Program Files\\nodejs\\node.exe","version":"v25.1.0","argv":["C:\\Program Files\\nodejs\\node.exe","C:\\Users\\ANTHONY WAI\\Desktop\\NileFlowBackend\\src\\index.js"],"memoryUsage":{"rss":75886592,"heapTotal":29638656,"heapUsed":16255032,"external":3648948,"arrayBuffers":74937}},"os":{"loadavg":[0,0,0],"uptime":7988.937},"trace":[{"column":15,"file":"node:internal/modules/cjs/loader","function":"Module._resolveFilename","line":1420,"method":"_resolveFilename","native":false},{"column":19,"file":"node:internal/modules/cjs/loader","function":"defaultResolveImpl","line":1058,"method":null,"native":false},{"column":22,"file":"node:internal/modules/cjs/loader","function":"resolveForCJSWithHooks","line":1063,"method":null,"native":false},{"column":37,"file":"node:internal/modules/cjs/loader","function":"Module._load","line":1226,"method":"_load","native":false},{"column":14,"file":"node:diagnostics_channel","function":"TracingChannel.traceSync","line":328,"method":"traceSync","native":false},{"column":24,"file":"node:internal/modules/cjs/loader","function":"wrapModuleLoad","line":245,"method":null,"native":false},{"column":12,"file":"node:internal/modules/cjs/loader","function":"Module.require","line":1503,"method":"require","native":false},{"column":16,"file":"node:internal/modules/helpers","function":"require","line":152,"method":null,"native":false},{"column":16,"file":"C:\\Users\\ANTHONY WAI\\Desktop\\NileFlowBackend\\services\\user.service.js","function":null,"line":2,"method":null,"native":false},{"column":14,"file":"node:internal/modules/cjs/loader","function":"Module._compile","line":1760,"method":"_compile","native":false}],"service":"nile-mart-api","env":"development"}
[2025-12-05 13:31:05] ERROR: uncaughtException: Cannot find module './appwrite.service'
Require stack:
- C:\Users\ANTHONY WAI\Desktop\NileFlowBackend\services\user.service.js
- C:\Users\ANTHONY WAI\Desktop\NileFlowBackend\controllers\auth.controller.js
- C:\Users\ANTHONY WAI\Desktop\NileFlowBackend\routes\authRoutes.js
- C:\Users\ANTHONY WAI\Desktop\NileFlowBackend\src\index.js
Error: Cannot find module './appwrite.service'
Require stack:
- C:\Users\ANTHONY WAI\Desktop\NileFlowBackend\services\user.service.js
- C:\Users\ANTHONY WAI\Desktop\NileFlowBackend\controllers\auth.controller.js
- C:\Users\ANTHONY WAI\Desktop\NileFlowBackend\routes\authRoutes.js
- C:\Users\ANTHONY WAI\Desktop\NileFlowBackend\src\index.js
    at Module._resolveFilename (node:internal/modules/cjs/loader:1420:15)
    at defaultResolveImpl (node:internal/modules/cjs/loader:1058:19)
    at resolveForCJSWithHooks (node:internal/modules/cjs/loader:1063:22)
    at Module._load (node:internal/modules/cjs/loader:1226:37)
    at TracingChannel.traceSync (node:diagnostics_channel:328:14)
    at wrapModuleLoad (node:internal/modules/cjs/loader:245:24)
    at Module.require (node:internal/modules/cjs/loader:1503:12)
    at require (node:internal/modules/helpers:152:16)
    at Object.<anonymous> (C:\Users\ANTHONY WAI\Desktop\NileFlowBackend\services\user.service.js:2:16)
    at Module._compile (node:internal/modules/cjs/loader:1760:14) {"error":{"code":"MODULE_NOT_FOUND","requireStack":["C:\\Users\\ANTHONY WAI\\Desktop\\NileFlowBackend\\services\\user.service.js","C:\\Users\\ANTHONY WAI\\Desktop\\NileFlowBackend\\controllers\\auth.controller.js","C:\\Users\\ANTHONY WAI\\Desktop\\NileFlowBackend\\routes\\authRoutes.js","C:\\Users\\ANTHONY WAI\\Desktop\\NileFlowBackend\\src\\index.js"]},"stack":"Error: Cannot find module './appwrite.service'\nRequire stack:\n- C:\\Users\\ANTHONY WAI\\Desktop\\NileFlowBackend\\services\\user.service.js\n- C:\\Users\\ANTHONY WAI\\Desktop\\NileFlowBackend\\controllers\\auth.controller.js\n- C:\\Users\\ANTHONY WAI\\Desktop\\NileFlowBackend\\routes\\authRoutes.js\n- C:\\Users\\ANTHONY WAI\\Desktop\\NileFlowBackend\\src\\index.js\n    at Module._resolveFilename (node:internal/modules/cjs/loader:1420:15)\n    at defaultResolveImpl (node:internal/modules/cjs/loader:1058:19)\n    at resolveForCJSWithHooks (node:internal/modules/cjs/loader:1063:22)\n    at Module._load (node:internal/modules/cjs/loader:1226:37)\n    at TracingChannel.traceSync (node:diagnostics_channel:328:14)\n    at wrapModuleLoad (node:internal/modules/cjs/loader:245:24)\n    at Module.require (node:internal/modules/cjs/loader:1503:12)\n    at require (node:internal/modules/helpers:152:16)\n    at Object.<anonymous> (C:\\Users\\ANTHONY WAI\\Desktop\\NileFlowBackend\\services\\user.service.js:2:16)\n    at Module._compile (node:internal/modules/cjs/loader:1760:14)","exception":true,"date":"Fri Dec 05 2025 13:31:05 GMT+0300 (East Africa Time)","process":{"pid":14140,"uid":null,"gid":null,"cwd":"C:\\Users\\ANTHONY WAI\\Desktop\\NileFlowBackend","execPath":"C:\\Program Files\\nodejs\\node.exe","version":"v25.1.0","argv":["C:\\Program Files\\nodejs\\node.exe","C:\\Users\\ANTHONY WAI\\Desktop\\NileFlowBackend\\src\\index.js"],"memoryUsage":{"rss":75812864,"heapTotal":26132480,"heapUsed":21005144,"external":3661513,"arrayBuffers":74937}},"os":{"loadavg":[0,0,0],"uptime":8391.078},"trace":[{"column":15,"file":"node:internal/modules/cjs/loader","function":"Module._resolveFilename","line":1420,"method":"_resolveFilename","native":false},{"column":19,"file":"node:internal/modules/cjs/loader","function":"defaultResolveImpl","line":1058,"method":null,"native":false},{"column":22,"file":"node:internal/modules/cjs/loader","function":"resolveForCJSWithHooks","line":1063,"method":null,"native":false},{"column":37,"file":"node:internal/modules/cjs/loader","function":"Module._load","line":1226,"method":"_load","native":false},{"column":14,"file":"node:diagnostics_channel","function":"TracingChannel.traceSync","line":328,"method":"traceSync","native":false},{"column":24,"file":"node:internal/modules/cjs/loader","function":"wrapModuleLoad","line":245,"method":null,"native":false},{"column":12,"file":"node:internal/modules/cjs/loader","function":"Module.require","line":1503,"method":"require","native":false},{"column":16,"file":"node:internal/modules/helpers","function":"require","line":152,"method":null,"native":false},{"column":16,"file":"C:\\Users\\ANTHONY WAI\\Desktop\\NileFlowBackend\\services\\user.service.js","function":null,"line":2,"method":null,"native":false},{"column":14,"file":"node:internal/modules/cjs/loader","function":"Module._compile","line":1760,"method":"_compile","native":false}],"service":"nile-mart-api","env":"development"}
[2025-12-05 13:32:14] ERROR: uncaughtException: Cannot find module './appwrite.service'
Require stack:
- C:\Users\ANTHONY WAI\Desktop\NileFlowBackend\services\user.service.js
- C:\Users\ANTHONY WAI\Desktop\NileFlowBackend\controllers\auth.controller.js
- C:\Users\ANTHONY WAI\Desktop\NileFlowBackend\routes\authRoutes.js
- C:\Users\ANTHONY WAI\Desktop\NileFlowBackend\src\index.js
Error: Cannot find module './appwrite.service'
Require stack:
- C:\Users\ANTHONY WAI\Desktop\NileFlowBackend\services\user.service.js
- C:\Users\ANTHONY WAI\Desktop\NileFlowBackend\controllers\auth.controller.js
- C:\Users\ANTHONY WAI\Desktop\NileFlowBackend\routes\authRoutes.js
- C:\Users\ANTHONY WAI\Desktop\NileFlowBackend\src\index.js
    at Module._resolveFilename (node:internal/modules/cjs/loader:1420:15)
    at defaultResolveImpl (node:internal/modules/cjs/loader:1058:19)
    at resolveForCJSWithHooks (node:internal/modules/cjs/loader:1063:22)
    at Module._load (node:internal/modules/cjs/loader:1226:37)
    at TracingChannel.traceSync (node:diagnostics_channel:328:14)
    at wrapModuleLoad (node:internal/modules/cjs/loader:245:24)
    at Module.require (node:internal/modules/cjs/loader:1503:12)
    at require (node:internal/modules/helpers:152:16)
    at Object.<anonymous> (C:\Users\ANTHONY WAI\Desktop\NileFlowBackend\services\user.service.js:2:16)
    at Module._compile (node:internal/modules/cjs/loader:1760:14) {"error":{"code":"MODULE_NOT_FOUND","requireStack":["C:\\Users\\ANTHONY WAI\\Desktop\\NileFlowBackend\\services\\user.service.js","C:\\Users\\ANTHONY WAI\\Desktop\\NileFlowBackend\\controllers\\auth.controller.js","C:\\Users\\ANTHONY WAI\\Desktop\\NileFlowBackend\\routes\\authRoutes.js","C:\\Users\\ANTHONY WAI\\Desktop\\NileFlowBackend\\src\\index.js"]},"stack":"Error: Cannot find module './appwrite.service'\nRequire stack:\n- C:\\Users\\ANTHONY WAI\\Desktop\\NileFlowBackend\\services\\user.service.js\n- C:\\Users\\ANTHONY WAI\\Desktop\\NileFlowBackend\\controllers\\auth.controller.js\n- C:\\Users\\ANTHONY WAI\\Desktop\\NileFlowBackend\\routes\\authRoutes.js\n- C:\\Users\\ANTHONY WAI\\Desktop\\NileFlowBackend\\src\\index.js\n    at Module._resolveFilename (node:internal/modules/cjs/loader:1420:15)\n    at defaultResolveImpl (node:internal/modules/cjs/loader:1058:19)\n    at resolveForCJSWithHooks (node:internal/modules/cjs/loader:1063:22)\n    at Module._load (node:internal/modules/cjs/loader:1226:37)\n    at TracingChannel.traceSync (node:diagnostics_channel:328:14)\n    at wrapModuleLoad (node:internal/modules/cjs/loader:245:24)\n    at Module.require (node:internal/modules/cjs/loader:1503:12)\n    at require (node:internal/modules/helpers:152:16)\n    at Object.<anonymous> (C:\\Users\\ANTHONY WAI\\Desktop\\NileFlowBackend\\services\\user.service.js:2:16)\n    at Module._compile (node:internal/modules/cjs/loader:1760:14)","exception":true,"date":"Fri Dec 05 2025 13:32:14 GMT+0300 (East Africa Time)","process":{"pid":16764,"uid":null,"gid":null,"cwd":"C:\\Users\\ANTHONY WAI\\Desktop\\NileFlowBackend","execPath":"C:\\Program Files\\nodejs\\node.exe","version":"v25.1.0","argv":["C:\\Program Files\\nodejs\\node.exe","C:\\Users\\ANTHONY WAI\\Desktop\\NileFlowBackend\\src\\index.js"],"memoryUsage":{"rss":76398592,"heapTotal":26656768,"heapUsed":21421208,"external":3661513,"arrayBuffers":74937}},"os":{"loadavg":[0,0,0],"uptime":8460.187},"trace":[{"column":15,"file":"node:internal/modules/cjs/loader","function":"Module._resolveFilename","line":1420,"method":"_resolveFilename","native":false},{"column":19,"file":"node:internal/modules/cjs/loader","function":"defaultResolveImpl","line":1058,"method":null,"native":false},{"column":22,"file":"node:internal/modules/cjs/loader","function":"resolveForCJSWithHooks","line":1063,"method":null,"native":false},{"column":37,"file":"node:internal/modules/cjs/loader","function":"Module._load","line":1226,"method":"_load","native":false},{"column":14,"file":"node:diagnostics_channel","function":"TracingChannel.traceSync","line":328,"method":"traceSync","native":false},{"column":24,"file":"node:internal/modules/cjs/loader","function":"wrapModuleLoad","line":245,"method":null,"native":false},{"column":12,"file":"node:internal/modules/cjs/loader","function":"Module.require","line":1503,"method":"require","native":false},{"column":16,"file":"node:internal/modules/helpers","function":"require","line":152,"method":null,"native":false},{"column":16,"file":"C:\\Users\\ANTHONY WAI\\Desktop\\NileFlowBackend\\services\\user.service.js","function":null,"line":2,"method":null,"native":false},{"column":14,"file":"node:internal/modules/cjs/loader","function":"Module._compile","line":1760,"method":"_compile","native":false}],"service":"nile-mart-api","env":"development"}
[2025-12-05 13:32:22] ERROR: uncaughtException: Cannot find module './appwrite.service'
Require stack:
- C:\Users\ANTHONY WAI\Desktop\NileFlowBackend\services\user.service.js
- C:\Users\ANTHONY WAI\Desktop\NileFlowBackend\controllers\auth.controller.js
- C:\Users\ANTHONY WAI\Desktop\NileFlowBackend\routes\authRoutes.js
- C:\Users\ANTHONY WAI\Desktop\NileFlowBackend\src\index.js
Error: Cannot find module './appwrite.service'
Require stack:
- C:\Users\ANTHONY WAI\Desktop\NileFlowBackend\services\user.service.js
- C:\Users\ANTHONY WAI\Desktop\NileFlowBackend\controllers\auth.controller.js
- C:\Users\ANTHONY WAI\Desktop\NileFlowBackend\routes\authRoutes.js
- C:\Users\ANTHONY WAI\Desktop\NileFlowBackend\src\index.js
    at Module._resolveFilename (node:internal/modules/cjs/loader:1420:15)
    at defaultResolveImpl (node:internal/modules/cjs/loader:1058:19)
    at resolveForCJSWithHooks (node:internal/modules/cjs/loader:1063:22)
    at Module._load (node:internal/modules/cjs/loader:1226:37)
    at TracingChannel.traceSync (node:diagnostics_channel:328:14)
    at wrapModuleLoad (node:internal/modules/cjs/loader:245:24)
    at Module.require (node:internal/modules/cjs/loader:1503:12)
    at require (node:internal/modules/helpers:152:16)
    at Object.<anonymous> (C:\Users\ANTHONY WAI\Desktop\NileFlowBackend\services\user.service.js:2:16)
    at Module._compile (node:internal/modules/cjs/loader:1760:14) {"error":{"code":"MODULE_NOT_FOUND","requireStack":["C:\\Users\\ANTHONY WAI\\Desktop\\NileFlowBackend\\services\\user.service.js","C:\\Users\\ANTHONY WAI\\Desktop\\NileFlowBackend\\controllers\\auth.controller.js","C:\\Users\\ANTHONY WAI\\Desktop\\NileFlowBackend\\routes\\authRoutes.js","C:\\Users\\ANTHONY WAI\\Desktop\\NileFlowBackend\\src\\index.js"]},"stack":"Error: Cannot find module './appwrite.service'\nRequire stack:\n- C:\\Users\\ANTHONY WAI\\Desktop\\NileFlowBackend\\services\\user.service.js\n- C:\\Users\\ANTHONY WAI\\Desktop\\NileFlowBackend\\controllers\\auth.controller.js\n- C:\\Users\\ANTHONY WAI\\Desktop\\NileFlowBackend\\routes\\authRoutes.js\n- C:\\Users\\ANTHONY WAI\\Desktop\\NileFlowBackend\\src\\index.js\n    at Module._resolveFilename (node:internal/modules/cjs/loader:1420:15)\n    at defaultResolveImpl (node:internal/modules/cjs/loader:1058:19)\n    at resolveForCJSWithHooks (node:internal/modules/cjs/loader:1063:22)\n    at Module._load (node:internal/modules/cjs/loader:1226:37)\n    at TracingChannel.traceSync (node:diagnostics_channel:328:14)\n    at wrapModuleLoad (node:internal/modules/cjs/loader:245:24)\n    at Module.require (node:internal/modules/cjs/loader:1503:12)\n    at require (node:internal/modules/helpers:152:16)\n    at Object.<anonymous> (C:\\Users\\ANTHONY WAI\\Desktop\\NileFlowBackend\\services\\user.service.js:2:16)\n    at Module._compile (node:internal/modules/cjs/loader:1760:14)","exception":true,"date":"Fri Dec 05 2025 13:32:22 GMT+0300 (East Africa Time)","process":{"pid":612,"uid":null,"gid":null,"cwd":"C:\\Users\\ANTHONY WAI\\Desktop\\NileFlowBackend","execPath":"C:\\Program Files\\nodejs\\node.exe","version":"v25.1.0","argv":["C:\\Program Files\\nodejs\\node.exe","C:\\Users\\ANTHONY WAI\\Desktop\\NileFlowBackend\\src\\index.js"],"memoryUsage":{"rss":75411456,"heapTotal":26132480,"heapUsed":20951664,"external":3661513,"arrayBuffers":74937}},"os":{"loadavg":[0,0,0],"uptime":8467.921},"trace":[{"column":15,"file":"node:internal/modules/cjs/loader","function":"Module._resolveFilename","line":1420,"method":"_resolveFilename","native":false},{"column":19,"file":"node:internal/modules/cjs/loader","function":"defaultResolveImpl","line":1058,"method":null,"native":false},{"column":22,"file":"node:internal/modules/cjs/loader","function":"resolveForCJSWithHooks","line":1063,"method":null,"native":false},{"column":37,"file":"node:internal/modules/cjs/loader","function":"Module._load","line":1226,"method":"_load","native":false},{"column":14,"file":"node:diagnostics_channel","function":"TracingChannel.traceSync","line":328,"method":"traceSync","native":false},{"column":24,"file":"node:internal/modules/cjs/loader","function":"wrapModuleLoad","line":245,"method":null,"native":false},{"column":12,"file":"node:internal/modules/cjs/loader","function":"Module.require","line":1503,"method":"require","native":false},{"column":16,"file":"node:internal/modules/helpers","function":"require","line":152,"method":null,"native":false},{"column":16,"file":"C:\\Users\\ANTHONY WAI\\Desktop\\NileFlowBackend\\services\\user.service.js","function":null,"line":2,"method":null,"native":false},{"column":14,"file":"node:internal/modules/cjs/loader","function":"Module._compile","line":1760,"method":"_compile","native":false}],"service":"nile-mart-api","env":"development"}
[2025-12-05 13:33:34] ERROR: uncaughtException: Cannot find module './appwrite.service'
Require stack:
- C:\Users\ANTHONY WAI\Desktop\NileFlowBackend\services\user.service.js
- C:\Users\ANTHONY WAI\Desktop\NileFlowBackend\controllers\auth.controller.js
- C:\Users\ANTHONY WAI\Desktop\NileFlowBackend\routes\authRoutes.js
- C:\Users\ANTHONY WAI\Desktop\NileFlowBackend\src\index.js
Error: Cannot find module './appwrite.service'
Require stack:
- C:\Users\ANTHONY WAI\Desktop\NileFlowBackend\services\user.service.js
- C:\Users\ANTHONY WAI\Desktop\NileFlowBackend\controllers\auth.controller.js
- C:\Users\ANTHONY WAI\Desktop\NileFlowBackend\routes\authRoutes.js
- C:\Users\ANTHONY WAI\Desktop\NileFlowBackend\src\index.js
    at Module._resolveFilename (node:internal/modules/cjs/loader:1420:15)
    at defaultResolveImpl (node:internal/modules/cjs/loader:1058:19)
    at resolveForCJSWithHooks (node:internal/modules/cjs/loader:1063:22)
    at Module._load (node:internal/modules/cjs/loader:1226:37)
    at TracingChannel.traceSync (node:diagnostics_channel:328:14)
    at wrapModuleLoad (node:internal/modules/cjs/loader:245:24)
    at Module.require (node:internal/modules/cjs/loader:1503:12)
    at require (node:internal/modules/helpers:152:16)
    at Object.<anonymous> (C:\Users\ANTHONY WAI\Desktop\NileFlowBackend\services\user.service.js:2:16)
    at Module._compile (node:internal/modules/cjs/loader:1760:14) {"error":{"code":"MODULE_NOT_FOUND","requireStack":["C:\\Users\\ANTHONY WAI\\Desktop\\NileFlowBackend\\services\\user.service.js","C:\\Users\\ANTHONY WAI\\Desktop\\NileFlowBackend\\controllers\\auth.controller.js","C:\\Users\\ANTHONY WAI\\Desktop\\NileFlowBackend\\routes\\authRoutes.js","C:\\Users\\ANTHONY WAI\\Desktop\\NileFlowBackend\\src\\index.js"]},"stack":"Error: Cannot find module './appwrite.service'\nRequire stack:\n- C:\\Users\\ANTHONY WAI\\Desktop\\NileFlowBackend\\services\\user.service.js\n- C:\\Users\\ANTHONY WAI\\Desktop\\NileFlowBackend\\controllers\\auth.controller.js\n- C:\\Users\\ANTHONY WAI\\Desktop\\NileFlowBackend\\routes\\authRoutes.js\n- C:\\Users\\ANTHONY WAI\\Desktop\\NileFlowBackend\\src\\index.js\n    at Module._resolveFilename (node:internal/modules/cjs/loader:1420:15)\n    at defaultResolveImpl (node:internal/modules/cjs/loader:1058:19)\n    at resolveForCJSWithHooks (node:internal/modules/cjs/loader:1063:22)\n    at Module._load (node:internal/modules/cjs/loader:1226:37)\n    at TracingChannel.traceSync (node:diagnostics_channel:328:14)\n    at wrapModuleLoad (node:internal/modules/cjs/loader:245:24)\n    at Module.require (node:internal/modules/cjs/loader:1503:12)\n    at require (node:internal/modules/helpers:152:16)\n    at Object.<anonymous> (C:\\Users\\ANTHONY WAI\\Desktop\\NileFlowBackend\\services\\user.service.js:2:16)\n    at Module._compile (node:internal/modules/cjs/loader:1760:14)","exception":true,"date":"Fri Dec 05 2025 13:33:34 GMT+0300 (East Africa Time)","process":{"pid":16456,"uid":null,"gid":null,"cwd":"C:\\Users\\ANTHONY WAI\\Desktop\\NileFlowBackend","execPath":"C:\\Program Files\\nodejs\\node.exe","version":"v25.1.0","argv":["C:\\Program Files\\nodejs\\node.exe","C:\\Users\\ANTHONY WAI\\Desktop\\NileFlowBackend\\src\\index.js"],"memoryUsage":{"rss":75710464,"heapTotal":26656768,"heapUsed":21065912,"external":3661513,"arrayBuffers":74937}},"os":{"loadavg":[0,0,0],"uptime":8540.765},"trace":[{"column":15,"file":"node:internal/modules/cjs/loader","function":"Module._resolveFilename","line":1420,"method":"_resolveFilename","native":false},{"column":19,"file":"node:internal/modules/cjs/loader","function":"defaultResolveImpl","line":1058,"method":null,"native":false},{"column":22,"file":"node:internal/modules/cjs/loader","function":"resolveForCJSWithHooks","line":1063,"method":null,"native":false},{"column":37,"file":"node:internal/modules/cjs/loader","function":"Module._load","line":1226,"method":"_load","native":false},{"column":14,"file":"node:diagnostics_channel","function":"TracingChannel.traceSync","line":328,"method":"traceSync","native":false},{"column":24,"file":"node:internal/modules/cjs/loader","function":"wrapModuleLoad","line":245,"method":null,"native":false},{"column":12,"file":"node:internal/modules/cjs/loader","function":"Module.require","line":1503,"method":"require","native":false},{"column":16,"file":"node:internal/modules/helpers","function":"require","line":152,"method":null,"native":false},{"column":16,"file":"C:\\Users\\ANTHONY WAI\\Desktop\\NileFlowBackend\\services\\user.service.js","function":null,"line":2,"method":null,"native":false},{"column":14,"file":"node:internal/modules/cjs/loader","function":"Module._compile","line":1760,"method":"_compile","native":false}],"service":"nile-mart-api","env":"development"}
[2025-12-05 13:35:54] ERROR: uncaughtException: Cannot find module './appwrite.service'
Require stack:
- C:\Users\ANTHONY WAI\Desktop\NileFlowBackend\services\user.service.js
- C:\Users\ANTHONY WAI\Desktop\NileFlowBackend\controllers\auth.controller.js
- C:\Users\ANTHONY WAI\Desktop\NileFlowBackend\routes\authRoutes.js
- C:\Users\ANTHONY WAI\Desktop\NileFlowBackend\src\index.js
Error: Cannot find module './appwrite.service'
Require stack:
- C:\Users\ANTHONY WAI\Desktop\NileFlowBackend\services\user.service.js
- C:\Users\ANTHONY WAI\Desktop\NileFlowBackend\controllers\auth.controller.js
- C:\Users\ANTHONY WAI\Desktop\NileFlowBackend\routes\authRoutes.js
- C:\Users\ANTHONY WAI\Desktop\NileFlowBackend\src\index.js
    at Module._resolveFilename (node:internal/modules/cjs/loader:1420:15)
    at defaultResolveImpl (node:internal/modules/cjs/loader:1058:19)
    at resolveForCJSWithHooks (node:internal/modules/cjs/loader:1063:22)
    at Module._load (node:internal/modules/cjs/loader:1226:37)
    at TracingChannel.traceSync (node:diagnostics_channel:328:14)
    at wrapModuleLoad (node:internal/modules/cjs/loader:245:24)
    at Module.require (node:internal/modules/cjs/loader:1503:12)
    at require (node:internal/modules/helpers:152:16)
    at Object.<anonymous> (C:\Users\ANTHONY WAI\Desktop\NileFlowBackend\services\user.service.js:2:16)
    at Module._compile (node:internal/modules/cjs/loader:1760:14) {"error":{"code":"MODULE_NOT_FOUND","requireStack":["C:\\Users\\ANTHONY WAI\\Desktop\\NileFlowBackend\\services\\user.service.js","C:\\Users\\ANTHONY WAI\\Desktop\\NileFlowBackend\\controllers\\auth.controller.js","C:\\Users\\ANTHONY WAI\\Desktop\\NileFlowBackend\\routes\\authRoutes.js","C:\\Users\\ANTHONY WAI\\Desktop\\NileFlowBackend\\src\\index.js"]},"stack":"Error: Cannot find module './appwrite.service'\nRequire stack:\n- C:\\Users\\ANTHONY WAI\\Desktop\\NileFlowBackend\\services\\user.service.js\n- C:\\Users\\ANTHONY WAI\\Desktop\\NileFlowBackend\\controllers\\auth.controller.js\n- C:\\Users\\ANTHONY WAI\\Desktop\\NileFlowBackend\\routes\\authRoutes.js\n- C:\\Users\\ANTHONY WAI\\Desktop\\NileFlowBackend\\src\\index.js\n    at Module._resolveFilename (node:internal/modules/cjs/loader:1420:15)\n    at defaultResolveImpl (node:internal/modules/cjs/loader:1058:19)\n    at resolveForCJSWithHooks (node:internal/modules/cjs/loader:1063:22)\n    at Module._load (node:internal/modules/cjs/loader:1226:37)\n    at TracingChannel.traceSync (node:diagnostics_channel:328:14)\n    at wrapModuleLoad (node:internal/modules/cjs/loader:245:24)\n    at Module.require (node:internal/modules/cjs/loader:1503:12)\n    at require (node:internal/modules/helpers:152:16)\n    at Object.<anonymous> (C:\\Users\\ANTHONY WAI\\Desktop\\NileFlowBackend\\services\\user.service.js:2:16)\n    at Module._compile (node:internal/modules/cjs/loader:1760:14)","exception":true,"date":"Fri Dec 05 2025 13:35:54 GMT+0300 (East Africa Time)","process":{"pid":17188,"uid":null,"gid":null,"cwd":"C:\\Users\\ANTHONY WAI\\Desktop\\NileFlowBackend","execPath":"C:\\Program Files\\nodejs\\node.exe","version":"v25.1.0","argv":["C:\\Program Files\\nodejs\\node.exe","C:\\Users\\ANTHONY WAI\\Desktop\\NileFlowBackend\\src\\index.js"],"memoryUsage":{"rss":75329536,"heapTotal":26132480,"heapUsed":20776592,"external":3661513,"arrayBuffers":74937}},"os":{"loadavg":[0,0,0],"uptime":8680.062},"trace":[{"column":15,"file":"node:internal/modules/cjs/loader","function":"Module._resolveFilename","line":1420,"method":"_resolveFilename","native":false},{"column":19,"file":"node:internal/modules/cjs/loader","function":"defaultResolveImpl","line":1058,"method":null,"native":false},{"column":22,"file":"node:internal/modules/cjs/loader","function":"resolveForCJSWithHooks","line":1063,"method":null,"native":false},{"column":37,"file":"node:internal/modules/cjs/loader","function":"Module._load","line":1226,"method":"_load","native":false},{"column":14,"file":"node:diagnostics_channel","function":"TracingChannel.traceSync","line":328,"method":"traceSync","native":false},{"column":24,"file":"node:internal/modules/cjs/loader","function":"wrapModuleLoad","line":245,"method":null,"native":false},{"column":12,"file":"node:internal/modules/cjs/loader","function":"Module.require","line":1503,"method":"require","native":false},{"column":16,"file":"node:internal/modules/helpers","function":"require","line":152,"method":null,"native":false},{"column":16,"file":"C:\\Users\\ANTHONY WAI\\Desktop\\NileFlowBackend\\services\\user.service.js","function":null,"line":2,"method":null,"native":false},{"column":14,"file":"node:internal/modules/cjs/loader","function":"Module._compile","line":1760,"method":"_compile","native":false}],"service":"nile-mart-api","env":"development"}
[2025-12-05 13:36:03] ERROR: uncaughtException: Cannot find module './appwrite.service'
Require stack:
- C:\Users\ANTHONY WAI\Desktop\NileFlowBackend\services\user.service.js
- C:\Users\ANTHONY WAI\Desktop\NileFlowBackend\controllers\auth.controller.js
- C:\Users\ANTHONY WAI\Desktop\NileFlowBackend\routes\authRoutes.js
- C:\Users\ANTHONY WAI\Desktop\NileFlowBackend\src\index.js
Error: Cannot find module './appwrite.service'
Require stack:
- C:\Users\ANTHONY WAI\Desktop\NileFlowBackend\services\user.service.js
- C:\Users\ANTHONY WAI\Desktop\NileFlowBackend\controllers\auth.controller.js
- C:\Users\ANTHONY WAI\Desktop\NileFlowBackend\routes\authRoutes.js
- C:\Users\ANTHONY WAI\Desktop\NileFlowBackend\src\index.js
    at Module._resolveFilename (node:internal/modules/cjs/loader:1420:15)
    at defaultResolveImpl (node:internal/modules/cjs/loader:1058:19)
    at resolveForCJSWithHooks (node:internal/modules/cjs/loader:1063:22)
    at Module._load (node:internal/modules/cjs/loader:1226:37)
    at TracingChannel.traceSync (node:diagnostics_channel:328:14)
    at wrapModuleLoad (node:internal/modules/cjs/loader:245:24)
    at Module.require (node:internal/modules/cjs/loader:1503:12)
    at require (node:internal/modules/helpers:152:16)
    at Object.<anonymous> (C:\Users\ANTHONY WAI\Desktop\NileFlowBackend\services\user.service.js:2:16)
    at Module._compile (node:internal/modules/cjs/loader:1760:14) {"error":{"code":"MODULE_NOT_FOUND","requireStack":["C:\\Users\\ANTHONY WAI\\Desktop\\NileFlowBackend\\services\\user.service.js","C:\\Users\\ANTHONY WAI\\Desktop\\NileFlowBackend\\controllers\\auth.controller.js","C:\\Users\\ANTHONY WAI\\Desktop\\NileFlowBackend\\routes\\authRoutes.js","C:\\Users\\ANTHONY WAI\\Desktop\\NileFlowBackend\\src\\index.js"]},"stack":"Error: Cannot find module './appwrite.service'\nRequire stack:\n- C:\\Users\\ANTHONY WAI\\Desktop\\NileFlowBackend\\services\\user.service.js\n- C:\\Users\\ANTHONY WAI\\Desktop\\NileFlowBackend\\controllers\\auth.controller.js\n- C:\\Users\\ANTHONY WAI\\Desktop\\NileFlowBackend\\routes\\authRoutes.js\n- C:\\Users\\ANTHONY WAI\\Desktop\\NileFlowBackend\\src\\index.js\n    at Module._resolveFilename (node:internal/modules/cjs/loader:1420:15)\n    at defaultResolveImpl (node:internal/modules/cjs/loader:1058:19)\n    at resolveForCJSWithHooks (node:internal/modules/cjs/loader:1063:22)\n    at Module._load (node:internal/modules/cjs/loader:1226:37)\n    at TracingChannel.traceSync (node:diagnostics_channel:328:14)\n    at wrapModuleLoad (node:internal/modules/cjs/loader:245:24)\n    at Module.require (node:internal/modules/cjs/loader:1503:12)\n    at require (node:internal/modules/helpers:152:16)\n    at Object.<anonymous> (C:\\Users\\ANTHONY WAI\\Desktop\\NileFlowBackend\\services\\user.service.js:2:16)\n    at Module._compile (node:internal/modules/cjs/loader:1760:14)","exception":true,"date":"Fri Dec 05 2025 13:36:03 GMT+0300 (East Africa Time)","process":{"pid":15220,"uid":null,"gid":null,"cwd":"C:\\Users\\ANTHONY WAI\\Desktop\\NileFlowBackend","execPath":"C:\\Program Files\\nodejs\\node.exe","version":"v25.1.0","argv":["C:\\Program Files\\nodejs\\node.exe","C:\\Users\\ANTHONY WAI\\Desktop\\NileFlowBackend\\src\\index.js"],"memoryUsage":{"rss":76353536,"heapTotal":26656768,"heapUsed":21068832,"external":3661513,"arrayBuffers":74937}},"os":{"loadavg":[0,0,0],"uptime":8689.484},"trace":[{"column":15,"file":"node:internal/modules/cjs/loader","function":"Module._resolveFilename","line":1420,"method":"_resolveFilename","native":false},{"column":19,"file":"node:internal/modules/cjs/loader","function":"defaultResolveImpl","line":1058,"method":null,"native":false},{"column":22,"file":"node:internal/modules/cjs/loader","function":"resolveForCJSWithHooks","line":1063,"method":null,"native":false},{"column":37,"file":"node:internal/modules/cjs/loader","function":"Module._load","line":1226,"method":"_load","native":false},{"column":14,"file":"node:diagnostics_channel","function":"TracingChannel.traceSync","line":328,"method":"traceSync","native":false},{"column":24,"file":"node:internal/modules/cjs/loader","function":"wrapModuleLoad","line":245,"method":null,"native":false},{"column":12,"file":"node:internal/modules/cjs/loader","function":"Module.require","line":1503,"method":"require","native":false},{"column":16,"file":"node:internal/modules/helpers","function":"require","line":152,"method":null,"native":false},{"column":16,"file":"C:\\Users\\ANTHONY WAI\\Desktop\\NileFlowBackend\\services\\user.service.js","function":null,"line":2,"method":null,"native":false},{"column":14,"file":"node:internal/modules/cjs/loader","function":"Module._compile","line":1760,"method":"_compile","native":false}],"service":"nile-mart-api","env":"development"}
[2025-12-05 13:36:22] ERROR: uncaughtException: Cannot find module './appwrite.service'
Require stack:
- C:\Users\ANTHONY WAI\Desktop\NileFlowBackend\services\user.service.js
- C:\Users\ANTHONY WAI\Desktop\NileFlowBackend\controllers\auth.controller.js
- C:\Users\ANTHONY WAI\Desktop\NileFlowBackend\routes\authRoutes.js
- C:\Users\ANTHONY WAI\Desktop\NileFlowBackend\src\index.js
Error: Cannot find module './appwrite.service'
Require stack:
- C:\Users\ANTHONY WAI\Desktop\NileFlowBackend\services\user.service.js
- C:\Users\ANTHONY WAI\Desktop\NileFlowBackend\controllers\auth.controller.js
- C:\Users\ANTHONY WAI\Desktop\NileFlowBackend\routes\authRoutes.js
- C:\Users\ANTHONY WAI\Desktop\NileFlowBackend\src\index.js
    at Module._resolveFilename (node:internal/modules/cjs/loader:1420:15)
    at defaultResolveImpl (node:internal/modules/cjs/loader:1058:19)
    at resolveForCJSWithHooks (node:internal/modules/cjs/loader:1063:22)
    at Module._load (node:internal/modules/cjs/loader:1226:37)
    at TracingChannel.traceSync (node:diagnostics_channel:328:14)
    at wrapModuleLoad (node:internal/modules/cjs/loader:245:24)
    at Module.require (node:internal/modules/cjs/loader:1503:12)
    at require (node:internal/modules/helpers:152:16)
    at Object.<anonymous> (C:\Users\ANTHONY WAI\Desktop\NileFlowBackend\services\user.service.js:2:16)
    at Module._compile (node:internal/modules/cjs/loader:1760:14) {"error":{"code":"MODULE_NOT_FOUND","requireStack":["C:\\Users\\ANTHONY WAI\\Desktop\\NileFlowBackend\\services\\user.service.js","C:\\Users\\ANTHONY WAI\\Desktop\\NileFlowBackend\\controllers\\auth.controller.js","C:\\Users\\ANTHONY WAI\\Desktop\\NileFlowBackend\\routes\\authRoutes.js","C:\\Users\\ANTHONY WAI\\Desktop\\NileFlowBackend\\src\\index.js"]},"stack":"Error: Cannot find module './appwrite.service'\nRequire stack:\n- C:\\Users\\ANTHONY WAI\\Desktop\\NileFlowBackend\\services\\user.service.js\n- C:\\Users\\ANTHONY WAI\\Desktop\\NileFlowBackend\\controllers\\auth.controller.js\n- C:\\Users\\ANTHONY WAI\\Desktop\\NileFlowBackend\\routes\\authRoutes.js\n- C:\\Users\\ANTHONY WAI\\Desktop\\NileFlowBackend\\src\\index.js\n    at Module._resolveFilename (node:internal/modules/cjs/loader:1420:15)\n    at defaultResolveImpl (node:internal/modules/cjs/loader:1058:19)\n    at resolveForCJSWithHooks (node:internal/modules/cjs/loader:1063:22)\n    at Module._load (node:internal/modules/cjs/loader:1226:37)\n    at TracingChannel.traceSync (node:diagnostics_channel:328:14)\n    at wrapModuleLoad (node:internal/modules/cjs/loader:245:24)\n    at Module.require (node:internal/modules/cjs/loader:1503:12)\n    at require (node:internal/modules/helpers:152:16)\n    at Object.<anonymous> (C:\\Users\\ANTHONY WAI\\Desktop\\NileFlowBackend\\services\\user.service.js:2:16)\n    at Module._compile (node:internal/modules/cjs/loader:1760:14)","exception":true,"date":"Fri Dec 05 2025 13:36:22 GMT+0300 (East Africa Time)","process":{"pid":1440,"uid":null,"gid":null,"cwd":"C:\\Users\\ANTHONY WAI\\Desktop\\NileFlowBackend","execPath":"C:\\Program Files\\nodejs\\node.exe","version":"v25.1.0","argv":["C:\\Program Files\\nodejs\\node.exe","C:\\Users\\ANTHONY WAI\\Desktop\\NileFlowBackend\\src\\index.js"],"memoryUsage":{"rss":76312576,"heapTotal":26656768,"heapUsed":21413224,"external":3661513,"arrayBuffers":74937}},"os":{"loadavg":[0,0,0],"uptime":8707.906},"trace":[{"column":15,"file":"node:internal/modules/cjs/loader","function":"Module._resolveFilename","line":1420,"method":"_resolveFilename","native":false},{"column":19,"file":"node:internal/modules/cjs/loader","function":"defaultResolveImpl","line":1058,"method":null,"native":false},{"column":22,"file":"node:internal/modules/cjs/loader","function":"resolveForCJSWithHooks","line":1063,"method":null,"native":false},{"column":37,"file":"node:internal/modules/cjs/loader","function":"Module._load","line":1226,"method":"_load","native":false},{"column":14,"file":"node:diagnostics_channel","function":"TracingChannel.traceSync","line":328,"method":"traceSync","native":false},{"column":24,"file":"node:internal/modules/cjs/loader","function":"wrapModuleLoad","line":245,"method":null,"native":false},{"column":12,"file":"node:internal/modules/cjs/loader","function":"Module.require","line":1503,"method":"require","native":false},{"column":16,"file":"node:internal/modules/helpers","function":"require","line":152,"method":null,"native":false},{"column":16,"file":"C:\\Users\\ANTHONY WAI\\Desktop\\NileFlowBackend\\services\\user.service.js","function":null,"line":2,"method":null,"native":false},{"column":14,"file":"node:internal/modules/cjs/loader","function":"Module._compile","line":1760,"method":"_compile","native":false}],"service":"nile-mart-api","env":"development"}
[2025-12-05 15:49:47] ERROR: uncaughtException: Cannot find module './appwrite.service'
Require stack:
- C:\Users\ANTHONY WAI\Desktop\NileFlowBackend\services\user.service.js
- C:\Users\ANTHONY WAI\Desktop\NileFlowBackend\controllers\auth.controller.js
- C:\Users\ANTHONY WAI\Desktop\NileFlowBackend\routes\authRoutes.js
- C:\Users\ANTHONY WAI\Desktop\NileFlowBackend\src\index.js
Error: Cannot find module './appwrite.service'
Require stack:
- C:\Users\ANTHONY WAI\Desktop\NileFlowBackend\services\user.service.js
- C:\Users\ANTHONY WAI\Desktop\NileFlowBackend\controllers\auth.controller.js
- C:\Users\ANTHONY WAI\Desktop\NileFlowBackend\routes\authRoutes.js
- C:\Users\ANTHONY WAI\Desktop\NileFlowBackend\src\index.js
    at Module._resolveFilename (node:internal/modules/cjs/loader:1420:15)
    at defaultResolveImpl (node:internal/modules/cjs/loader:1058:19)
    at resolveForCJSWithHooks (node:internal/modules/cjs/loader:1063:22)
    at Module._load (node:internal/modules/cjs/loader:1226:37)
    at TracingChannel.traceSync (node:diagnostics_channel:328:14)
    at wrapModuleLoad (node:internal/modules/cjs/loader:245:24)
    at Module.require (node:internal/modules/cjs/loader:1503:12)
    at require (node:internal/modules/helpers:152:16)
    at Object.<anonymous> (C:\Users\ANTHONY WAI\Desktop\NileFlowBackend\services\user.service.js:2:16)
    at Module._compile (node:internal/modules/cjs/loader:1760:14) {"error":{"code":"MODULE_NOT_FOUND","requireStack":["C:\\Users\\ANTHONY WAI\\Desktop\\NileFlowBackend\\services\\user.service.js","C:\\Users\\ANTHONY WAI\\Desktop\\NileFlowBackend\\controllers\\auth.controller.js","C:\\Users\\ANTHONY WAI\\Desktop\\NileFlowBackend\\routes\\authRoutes.js","C:\\Users\\ANTHONY WAI\\Desktop\\NileFlowBackend\\src\\index.js"]},"stack":"Error: Cannot find module './appwrite.service'\nRequire stack:\n- C:\\Users\\ANTHONY WAI\\Desktop\\NileFlowBackend\\services\\user.service.js\n- C:\\Users\\ANTHONY WAI\\Desktop\\NileFlowBackend\\controllers\\auth.controller.js\n- C:\\Users\\ANTHONY WAI\\Desktop\\NileFlowBackend\\routes\\authRoutes.js\n- C:\\Users\\ANTHONY WAI\\Desktop\\NileFlowBackend\\src\\index.js\n    at Module._resolveFilename (node:internal/modules/cjs/loader:1420:15)\n    at defaultResolveImpl (node:internal/modules/cjs/loader:1058:19)\n    at resolveForCJSWithHooks (node:internal/modules/cjs/loader:1063:22)\n    at Module._load (node:internal/modules/cjs/loader:1226:37)\n    at TracingChannel.traceSync (node:diagnostics_channel:328:14)\n    at wrapModuleLoad (node:internal/modules/cjs/loader:245:24)\n    at Module.require (node:internal/modules/cjs/loader:1503:12)\n    at require (node:internal/modules/helpers:152:16)\n    at Object.<anonymous> (C:\\Users\\ANTHONY WAI\\Desktop\\NileFlowBackend\\services\\user.service.js:2:16)\n    at Module._compile (node:internal/modules/cjs/loader:1760:14)","exception":true,"date":"Fri Dec 05 2025 15:49:47 GMT+0300 (East Africa Time)","process":{"pid":15936,"uid":null,"gid":null,"cwd":"C:\\Users\\ANTHONY WAI\\Desktop\\NileFlowBackend","execPath":"C:\\Program Files\\nodejs\\node.exe","version":"v25.1.0","argv":["C:\\Program Files\\nodejs\\node.exe","C:\\Users\\ANTHONY WAI\\Desktop\\NileFlowBackend\\src\\index.js"],"memoryUsage":{"rss":72093696,"heapTotal":25444352,"heapUsed":20327608,"external":3649035,"arrayBuffers":74937}},"os":{"loadavg":[0,0,0],"uptime":16713.531},"trace":[{"column":15,"file":"node:internal/modules/cjs/loader","function":"Module._resolveFilename","line":1420,"method":"_resolveFilename","native":false},{"column":19,"file":"node:internal/modules/cjs/loader","function":"defaultResolveImpl","line":1058,"method":null,"native":false},{"column":22,"file":"node:internal/modules/cjs/loader","function":"resolveForCJSWithHooks","line":1063,"method":null,"native":false},{"column":37,"file":"node:internal/modules/cjs/loader","function":"Module._load","line":1226,"method":"_load","native":false},{"column":14,"file":"node:diagnostics_channel","function":"TracingChannel.traceSync","line":328,"method":"traceSync","native":false},{"column":24,"file":"node:internal/modules/cjs/loader","function":"wrapModuleLoad","line":245,"method":null,"native":false},{"column":12,"file":"node:internal/modules/cjs/loader","function":"Module.require","line":1503,"method":"require","native":false},{"column":16,"file":"node:internal/modules/helpers","function":"require","line":152,"method":null,"native":false},{"column":16,"file":"C:\\Users\\ANTHONY WAI\\Desktop\\NileFlowBackend\\services\\user.service.js","function":null,"line":2,"method":null,"native":false},{"column":14,"file":"node:internal/modules/cjs/loader","function":"Module._compile","line":1760,"method":"_compile","native":false}],"service":"nile-mart-api","env":"development"}
[2025-12-05 15:52:13] ERROR: uncaughtException: Cannot find module './appwrite.service'
Require stack:
- C:\Users\ANTHONY WAI\Desktop\NileFlowBackend\services\user.service.js
- C:\Users\ANTHONY WAI\Desktop\NileFlowBackend\controllers\auth.controller.js
- C:\Users\ANTHONY WAI\Desktop\NileFlowBackend\routes\authRoutes.js
- C:\Users\ANTHONY WAI\Desktop\NileFlowBackend\src\index.js
Error: Cannot find module './appwrite.service'
Require stack:
- C:\Users\ANTHONY WAI\Desktop\NileFlowBackend\services\user.service.js
- C:\Users\ANTHONY WAI\Desktop\NileFlowBackend\controllers\auth.controller.js
- C:\Users\ANTHONY WAI\Desktop\NileFlowBackend\routes\authRoutes.js
- C:\Users\ANTHONY WAI\Desktop\NileFlowBackend\src\index.js
    at Module._resolveFilename (node:internal/modules/cjs/loader:1420:15)
    at defaultResolveImpl (node:internal/modules/cjs/loader:1058:19)
    at resolveForCJSWithHooks (node:internal/modules/cjs/loader:1063:22)
    at Module._load (node:internal/modules/cjs/loader:1226:37)
    at TracingChannel.traceSync (node:diagnostics_channel:328:14)
    at wrapModuleLoad (node:internal/modules/cjs/loader:245:24)
    at Module.require (node:internal/modules/cjs/loader:1503:12)
    at require (node:internal/modules/helpers:152:16)
    at Object.<anonymous> (C:\Users\ANTHONY WAI\Desktop\NileFlowBackend\services\user.service.js:2:16)
    at Module._compile (node:internal/modules/cjs/loader:1760:14) {"error":{"code":"MODULE_NOT_FOUND","requireStack":["C:\\Users\\ANTHONY WAI\\Desktop\\NileFlowBackend\\services\\user.service.js","C:\\Users\\ANTHONY WAI\\Desktop\\NileFlowBackend\\controllers\\auth.controller.js","C:\\Users\\ANTHONY WAI\\Desktop\\NileFlowBackend\\routes\\authRoutes.js","C:\\Users\\ANTHONY WAI\\Desktop\\NileFlowBackend\\src\\index.js"]},"stack":"Error: Cannot find module './appwrite.service'\nRequire stack:\n- C:\\Users\\ANTHONY WAI\\Desktop\\NileFlowBackend\\services\\user.service.js\n- C:\\Users\\ANTHONY WAI\\Desktop\\NileFlowBackend\\controllers\\auth.controller.js\n- C:\\Users\\ANTHONY WAI\\Desktop\\NileFlowBackend\\routes\\authRoutes.js\n- C:\\Users\\ANTHONY WAI\\Desktop\\NileFlowBackend\\src\\index.js\n    at Module._resolveFilename (node:internal/modules/cjs/loader:1420:15)\n    at defaultResolveImpl (node:internal/modules/cjs/loader:1058:19)\n    at resolveForCJSWithHooks (node:internal/modules/cjs/loader:1063:22)\n    at Module._load (node:internal/modules/cjs/loader:1226:37)\n    at TracingChannel.traceSync (node:diagnostics_channel:328:14)\n    at wrapModuleLoad (node:internal/modules/cjs/loader:245:24)\n    at Module.require (node:internal/modules/cjs/loader:1503:12)\n    at require (node:internal/modules/helpers:152:16)\n    at Object.<anonymous> (C:\\Users\\ANTHONY WAI\\Desktop\\NileFlowBackend\\services\\user.service.js:2:16)\n    at Module._compile (node:internal/modules/cjs/loader:1760:14)","exception":true,"date":"Fri Dec 05 2025 15:52:13 GMT+0300 (East Africa Time)","process":{"pid":8408,"uid":null,"gid":null,"cwd":"C:\\Users\\ANTHONY WAI\\Desktop\\NileFlowBackend","execPath":"C:\\Program Files\\nodejs\\node.exe","version":"v25.1.0","argv":["C:\\Program Files\\nodejs\\node.exe","C:\\Users\\ANTHONY WAI\\Desktop\\NileFlowBackend\\src\\index.js"],"memoryUsage":{"rss":72003584,"heapTotal":25706496,"heapUsed":20303968,"external":3649035,"arrayBuffers":74937}},"os":{"loadavg":[0,0,0],"uptime":16858.89},"trace":[{"column":15,"file":"node:internal/modules/cjs/loader","function":"Module._resolveFilename","line":1420,"method":"_resolveFilename","native":false},{"column":19,"file":"node:internal/modules/cjs/loader","function":"defaultResolveImpl","line":1058,"method":null,"native":false},{"column":22,"file":"node:internal/modules/cjs/loader","function":"resolveForCJSWithHooks","line":1063,"method":null,"native":false},{"column":37,"file":"node:internal/modules/cjs/loader","function":"Module._load","line":1226,"method":"_load","native":false},{"column":14,"file":"node:diagnostics_channel","function":"TracingChannel.traceSync","line":328,"method":"traceSync","native":false},{"column":24,"file":"node:internal/modules/cjs/loader","function":"wrapModuleLoad","line":245,"method":null,"native":false},{"column":12,"file":"node:internal/modules/cjs/loader","function":"Module.require","line":1503,"method":"require","native":false},{"column":16,"file":"node:internal/modules/helpers","function":"require","line":152,"method":null,"native":false},{"column":16,"file":"C:\\Users\\ANTHONY WAI\\Desktop\\NileFlowBackend\\services\\user.service.js","function":null,"line":2,"method":null,"native":false},{"column":14,"file":"node:internal/modules/cjs/loader","function":"Module._compile","line":1760,"method":"_compile","native":false}],"service":"nile-mart-api","env":"development"}
[2025-12-05 15:52:23] ERROR: uncaughtException: Cannot find module './appwrite.service'
Require stack:
- C:\Users\ANTHONY WAI\Desktop\NileFlowBackend\services\user.service.js
- C:\Users\ANTHONY WAI\Desktop\NileFlowBackend\controllers\auth.controller.js
- C:\Users\ANTHONY WAI\Desktop\NileFlowBackend\routes\authRoutes.js
- C:\Users\ANTHONY WAI\Desktop\NileFlowBackend\src\index.js
Error: Cannot find module './appwrite.service'
Require stack:
- C:\Users\ANTHONY WAI\Desktop\NileFlowBackend\services\user.service.js
- C:\Users\ANTHONY WAI\Desktop\NileFlowBackend\controllers\auth.controller.js
- C:\Users\ANTHONY WAI\Desktop\NileFlowBackend\routes\authRoutes.js
- C:\Users\ANTHONY WAI\Desktop\NileFlowBackend\src\index.js
    at Module._resolveFilename (node:internal/modules/cjs/loader:1420:15)
    at defaultResolveImpl (node:internal/modules/cjs/loader:1058:19)
    at resolveForCJSWithHooks (node:internal/modules/cjs/loader:1063:22)
    at Module._load (node:internal/modules/cjs/loader:1226:37)
    at TracingChannel.traceSync (node:diagnostics_channel:328:14)
    at wrapModuleLoad (node:internal/modules/cjs/loader:245:24)
    at Module.require (node:internal/modules/cjs/loader:1503:12)
    at require (node:internal/modules/helpers:152:16)
    at Object.<anonymous> (C:\Users\ANTHONY WAI\Desktop\NileFlowBackend\services\user.service.js:2:16)
    at Module._compile (node:internal/modules/cjs/loader:1760:14) {"error":{"code":"MODULE_NOT_FOUND","requireStack":["C:\\Users\\ANTHONY WAI\\Desktop\\NileFlowBackend\\services\\user.service.js","C:\\Users\\ANTHONY WAI\\Desktop\\NileFlowBackend\\controllers\\auth.controller.js","C:\\Users\\ANTHONY WAI\\Desktop\\NileFlowBackend\\routes\\authRoutes.js","C:\\Users\\ANTHONY WAI\\Desktop\\NileFlowBackend\\src\\index.js"]},"stack":"Error: Cannot find module './appwrite.service'\nRequire stack:\n- C:\\Users\\ANTHONY WAI\\Desktop\\NileFlowBackend\\services\\user.service.js\n- C:\\Users\\ANTHONY WAI\\Desktop\\NileFlowBackend\\controllers\\auth.controller.js\n- C:\\Users\\ANTHONY WAI\\Desktop\\NileFlowBackend\\routes\\authRoutes.js\n- C:\\Users\\ANTHONY WAI\\Desktop\\NileFlowBackend\\src\\index.js\n    at Module._resolveFilename (node:internal/modules/cjs/loader:1420:15)\n    at defaultResolveImpl (node:internal/modules/cjs/loader:1058:19)\n    at resolveForCJSWithHooks (node:internal/modules/cjs/loader:1063:22)\n    at Module._load (node:internal/modules/cjs/loader:1226:37)\n    at TracingChannel.traceSync (node:diagnostics_channel:328:14)\n    at wrapModuleLoad (node:internal/modules/cjs/loader:245:24)\n    at Module.require (node:internal/modules/cjs/loader:1503:12)\n    at require (node:internal/modules/helpers:152:16)\n    at Object.<anonymous> (C:\\Users\\ANTHONY WAI\\Desktop\\NileFlowBackend\\services\\user.service.js:2:16)\n    at Module._compile (node:internal/modules/cjs/loader:1760:14)","exception":true,"date":"Fri Dec 05 2025 15:52:23 GMT+0300 (East Africa Time)","process":{"pid":17672,"uid":null,"gid":null,"cwd":"C:\\Users\\ANTHONY WAI\\Desktop\\NileFlowBackend","execPath":"C:\\Program Files\\nodejs\\node.exe","version":"v25.1.0","argv":["C:\\Program Files\\nodejs\\node.exe","C:\\Users\\ANTHONY WAI\\Desktop\\NileFlowBackend\\src\\index.js"],"memoryUsage":{"rss":71753728,"heapTotal":25706496,"heapUsed":20307304,"external":3649035,"arrayBuffers":74937}},"os":{"loadavg":[0,0,0],"uptime":16869},"trace":[{"column":15,"file":"node:internal/modules/cjs/loader","function":"Module._resolveFilename","line":1420,"method":"_resolveFilename","native":false},{"column":19,"file":"node:internal/modules/cjs/loader","function":"defaultResolveImpl","line":1058,"method":null,"native":false},{"column":22,"file":"node:internal/modules/cjs/loader","function":"resolveForCJSWithHooks","line":1063,"method":null,"native":false},{"column":37,"file":"node:internal/modules/cjs/loader","function":"Module._load","line":1226,"method":"_load","native":false},{"column":14,"file":"node:diagnostics_channel","function":"TracingChannel.traceSync","line":328,"method":"traceSync","native":false},{"column":24,"file":"node:internal/modules/cjs/loader","function":"wrapModuleLoad","line":245,"method":null,"native":false},{"column":12,"file":"node:internal/modules/cjs/loader","function":"Module.require","line":1503,"method":"require","native":false},{"column":16,"file":"node:internal/modules/helpers","function":"require","line":152,"method":null,"native":false},{"column":16,"file":"C:\\Users\\ANTHONY WAI\\Desktop\\NileFlowBackend\\services\\user.service.js","function":null,"line":2,"method":null,"native":false},{"column":14,"file":"node:internal/modules/cjs/loader","function":"Module._compile","line":1760,"method":"_compile","native":false}],"service":"nile-mart-api","env":"development"}
[2025-12-05 15:52:46] ERROR: uncaughtException: Cannot find module './appwrite.service'
Require stack:
- C:\Users\ANTHONY WAI\Desktop\NileFlowBackend\services\user.service.js
- C:\Users\ANTHONY WAI\Desktop\NileFlowBackend\controllers\auth.controller.js
- C:\Users\ANTHONY WAI\Desktop\NileFlowBackend\routes\authRoutes.js
- C:\Users\ANTHONY WAI\Desktop\NileFlowBackend\src\index.js
Error: Cannot find module './appwrite.service'
Require stack:
- C:\Users\ANTHONY WAI\Desktop\NileFlowBackend\services\user.service.js
- C:\Users\ANTHONY WAI\Desktop\NileFlowBackend\controllers\auth.controller.js
- C:\Users\ANTHONY WAI\Desktop\NileFlowBackend\routes\authRoutes.js
- C:\Users\ANTHONY WAI\Desktop\NileFlowBackend\src\index.js
    at Module._resolveFilename (node:internal/modules/cjs/loader:1420:15)
    at defaultResolveImpl (node:internal/modules/cjs/loader:1058:19)
    at resolveForCJSWithHooks (node:internal/modules/cjs/loader:1063:22)
    at Module._load (node:internal/modules/cjs/loader:1226:37)
    at TracingChannel.traceSync (node:diagnostics_channel:328:14)
    at wrapModuleLoad (node:internal/modules/cjs/loader:245:24)
    at Module.require (node:internal/modules/cjs/loader:1503:12)
    at require (node:internal/modules/helpers:152:16)
    at Object.<anonymous> (C:\Users\ANTHONY WAI\Desktop\NileFlowBackend\services\user.service.js:2:16)
    at Module._compile (node:internal/modules/cjs/loader:1760:14) {"error":{"code":"MODULE_NOT_FOUND","requireStack":["C:\\Users\\ANTHONY WAI\\Desktop\\NileFlowBackend\\services\\user.service.js","C:\\Users\\ANTHONY WAI\\Desktop\\NileFlowBackend\\controllers\\auth.controller.js","C:\\Users\\ANTHONY WAI\\Desktop\\NileFlowBackend\\routes\\authRoutes.js","C:\\Users\\ANTHONY WAI\\Desktop\\NileFlowBackend\\src\\index.js"]},"stack":"Error: Cannot find module './appwrite.service'\nRequire stack:\n- C:\\Users\\ANTHONY WAI\\Desktop\\NileFlowBackend\\services\\user.service.js\n- C:\\Users\\ANTHONY WAI\\Desktop\\NileFlowBackend\\controllers\\auth.controller.js\n- C:\\Users\\ANTHONY WAI\\Desktop\\NileFlowBackend\\routes\\authRoutes.js\n- C:\\Users\\ANTHONY WAI\\Desktop\\NileFlowBackend\\src\\index.js\n    at Module._resolveFilename (node:internal/modules/cjs/loader:1420:15)\n    at defaultResolveImpl (node:internal/modules/cjs/loader:1058:19)\n    at resolveForCJSWithHooks (node:internal/modules/cjs/loader:1063:22)\n    at Module._load (node:internal/modules/cjs/loader:1226:37)\n    at TracingChannel.traceSync (node:diagnostics_channel:328:14)\n    at wrapModuleLoad (node:internal/modules/cjs/loader:245:24)\n    at Module.require (node:internal/modules/cjs/loader:1503:12)\n    at require (node:internal/modules/helpers:152:16)\n    at Object.<anonymous> (C:\\Users\\ANTHONY WAI\\Desktop\\NileFlowBackend\\services\\user.service.js:2:16)\n    at Module._compile (node:internal/modules/cjs/loader:1760:14)","exception":true,"date":"Fri Dec 05 2025 15:52:46 GMT+0300 (East Africa Time)","process":{"pid":14532,"uid":null,"gid":null,"cwd":"C:\\Users\\ANTHONY WAI\\Desktop\\NileFlowBackend","execPath":"C:\\Program Files\\nodejs\\node.exe","version":"v25.1.0","argv":["C:\\Program Files\\nodejs\\node.exe","C:\\Users\\ANTHONY WAI\\Desktop\\NileFlowBackend\\src\\index.js"],"memoryUsage":{"rss":72425472,"heapTotal":25968640,"heapUsed":20447272,"external":3649035,"arrayBuffers":74937}},"os":{"loadavg":[0,0,0],"uptime":16892.343},"trace":[{"column":15,"file":"node:internal/modules/cjs/loader","function":"Module._resolveFilename","line":1420,"method":"_resolveFilename","native":false},{"column":19,"file":"node:internal/modules/cjs/loader","function":"defaultResolveImpl","line":1058,"method":null,"native":false},{"column":22,"file":"node:internal/modules/cjs/loader","function":"resolveForCJSWithHooks","line":1063,"method":null,"native":false},{"column":37,"file":"node:internal/modules/cjs/loader","function":"Module._load","line":1226,"method":"_load","native":false},{"column":14,"file":"node:diagnostics_channel","function":"TracingChannel.traceSync","line":328,"method":"traceSync","native":false},{"column":24,"file":"node:internal/modules/cjs/loader","function":"wrapModuleLoad","line":245,"method":null,"native":false},{"column":12,"file":"node:internal/modules/cjs/loader","function":"Module.require","line":1503,"method":"require","native":false},{"column":16,"file":"node:internal/modules/helpers","function":"require","line":152,"method":null,"native":false},{"column":16,"file":"C:\\Users\\ANTHONY WAI\\Desktop\\NileFlowBackend\\services\\user.service.js","function":null,"line":2,"method":null,"native":false},{"column":14,"file":"node:internal/modules/cjs/loader","function":"Module._compile","line":1760,"method":"_compile","native":false}],"service":"nile-mart-api","env":"development"}
[2025-12-05 15:55:13] ERROR: uncaughtException: Cannot find module './appwrite.service'
Require stack:
- C:\Users\ANTHONY WAI\Desktop\NileFlowBackend\services\user.service.js
- C:\Users\ANTHONY WAI\Desktop\NileFlowBackend\controllers\auth.controller.js
- C:\Users\ANTHONY WAI\Desktop\NileFlowBackend\routes\authRoutes.js
- C:\Users\ANTHONY WAI\Desktop\NileFlowBackend\src\index.js
Error: Cannot find module './appwrite.service'
Require stack:
- C:\Users\ANTHONY WAI\Desktop\NileFlowBackend\services\user.service.js
- C:\Users\ANTHONY WAI\Desktop\NileFlowBackend\controllers\auth.controller.js
- C:\Users\ANTHONY WAI\Desktop\NileFlowBackend\routes\authRoutes.js
- C:\Users\ANTHONY WAI\Desktop\NileFlowBackend\src\index.js
    at Module._resolveFilename (node:internal/modules/cjs/loader:1420:15)
    at defaultResolveImpl (node:internal/modules/cjs/loader:1058:19)
    at resolveForCJSWithHooks (node:internal/modules/cjs/loader:1063:22)
    at Module._load (node:internal/modules/cjs/loader:1226:37)
    at TracingChannel.traceSync (node:diagnostics_channel:328:14)
    at wrapModuleLoad (node:internal/modules/cjs/loader:245:24)
    at Module.require (node:internal/modules/cjs/loader:1503:12)
    at require (node:internal/modules/helpers:152:16)
    at Object.<anonymous> (C:\Users\ANTHONY WAI\Desktop\NileFlowBackend\services\user.service.js:2:16)
    at Module._compile (node:internal/modules/cjs/loader:1760:14) {"error":{"code":"MODULE_NOT_FOUND","requireStack":["C:\\Users\\ANTHONY WAI\\Desktop\\NileFlowBackend\\services\\user.service.js","C:\\Users\\ANTHONY WAI\\Desktop\\NileFlowBackend\\controllers\\auth.controller.js","C:\\Users\\ANTHONY WAI\\Desktop\\NileFlowBackend\\routes\\authRoutes.js","C:\\Users\\ANTHONY WAI\\Desktop\\NileFlowBackend\\src\\index.js"]},"stack":"Error: Cannot find module './appwrite.service'\nRequire stack:\n- C:\\Users\\ANTHONY WAI\\Desktop\\NileFlowBackend\\services\\user.service.js\n- C:\\Users\\ANTHONY WAI\\Desktop\\NileFlowBackend\\controllers\\auth.controller.js\n- C:\\Users\\ANTHONY WAI\\Desktop\\NileFlowBackend\\routes\\authRoutes.js\n- C:\\Users\\ANTHONY WAI\\Desktop\\NileFlowBackend\\src\\index.js\n    at Module._resolveFilename (node:internal/modules/cjs/loader:1420:15)\n    at defaultResolveImpl (node:internal/modules/cjs/loader:1058:19)\n    at resolveForCJSWithHooks (node:internal/modules/cjs/loader:1063:22)\n    at Module._load (node:internal/modules/cjs/loader:1226:37)\n    at TracingChannel.traceSync (node:diagnostics_channel:328:14)\n    at wrapModuleLoad (node:internal/modules/cjs/loader:245:24)\n    at Module.require (node:internal/modules/cjs/loader:1503:12)\n    at require (node:internal/modules/helpers:152:16)\n    at Object.<anonymous> (C:\\Users\\ANTHONY WAI\\Desktop\\NileFlowBackend\\services\\user.service.js:2:16)\n    at Module._compile (node:internal/modules/cjs/loader:1760:14)","exception":true,"date":"Fri Dec 05 2025 15:55:13 GMT+0300 (East Africa Time)","process":{"pid":18880,"uid":null,"gid":null,"cwd":"C:\\Users\\ANTHONY WAI\\Desktop\\NileFlowBackend","execPath":"C:\\Program Files\\nodejs\\node.exe","version":"v25.1.0","argv":["C:\\Program Files\\nodejs\\node.exe","C:\\Users\\ANTHONY WAI\\Desktop\\NileFlowBackend\\src\\index.js"],"memoryUsage":{"rss":72667136,"heapTotal":25968640,"heapUsed":20452864,"external":3649035,"arrayBuffers":74937}},"os":{"loadavg":[0,0,0],"uptime":17039},"trace":[{"column":15,"file":"node:internal/modules/cjs/loader","function":"Module._resolveFilename","line":1420,"method":"_resolveFilename","native":false},{"column":19,"file":"node:internal/modules/cjs/loader","function":"defaultResolveImpl","line":1058,"method":null,"native":false},{"column":22,"file":"node:internal/modules/cjs/loader","function":"resolveForCJSWithHooks","line":1063,"method":null,"native":false},{"column":37,"file":"node:internal/modules/cjs/loader","function":"Module._load","line":1226,"method":"_load","native":false},{"column":14,"file":"node:diagnostics_channel","function":"TracingChannel.traceSync","line":328,"method":"traceSync","native":false},{"column":24,"file":"node:internal/modules/cjs/loader","function":"wrapModuleLoad","line":245,"method":null,"native":false},{"column":12,"file":"node:internal/modules/cjs/loader","function":"Module.require","line":1503,"method":"require","native":false},{"column":16,"file":"node:internal/modules/helpers","function":"require","line":152,"method":null,"native":false},{"column":16,"file":"C:\\Users\\ANTHONY WAI\\Desktop\\NileFlowBackend\\services\\user.service.js","function":null,"line":2,"method":null,"native":false},{"column":14,"file":"node:internal/modules/cjs/loader","function":"Module._compile","line":1760,"method":"_compile","native":false}],"service":"nile-mart-api","env":"development"}
[2025-12-05 15:56:22] ERROR: uncaughtException: Cannot find module './appwrite.service'
Require stack:
- C:\Users\ANTHONY WAI\Desktop\NileFlowBackend\services\user.service.js
- C:\Users\ANTHONY WAI\Desktop\NileFlowBackend\controllers\auth.controller.js
- C:\Users\ANTHONY WAI\Desktop\NileFlowBackend\routes\authRoutes.js
- C:\Users\ANTHONY WAI\Desktop\NileFlowBackend\src\index.js
Error: Cannot find module './appwrite.service'
Require stack:
- C:\Users\ANTHONY WAI\Desktop\NileFlowBackend\services\user.service.js
- C:\Users\ANTHONY WAI\Desktop\NileFlowBackend\controllers\auth.controller.js
- C:\Users\ANTHONY WAI\Desktop\NileFlowBackend\routes\authRoutes.js
- C:\Users\ANTHONY WAI\Desktop\NileFlowBackend\src\index.js
    at Module._resolveFilename (node:internal/modules/cjs/loader:1420:15)
    at defaultResolveImpl (node:internal/modules/cjs/loader:1058:19)
    at resolveForCJSWithHooks (node:internal/modules/cjs/loader:1063:22)
    at Module._load (node:internal/modules/cjs/loader:1226:37)
    at TracingChannel.traceSync (node:diagnostics_channel:328:14)
    at wrapModuleLoad (node:internal/modules/cjs/loader:245:24)
    at Module.require (node:internal/modules/cjs/loader:1503:12)
    at require (node:internal/modules/helpers:152:16)
    at Object.<anonymous> (C:\Users\ANTHONY WAI\Desktop\NileFlowBackend\services\user.service.js:2:16)
    at Module._compile (node:internal/modules/cjs/loader:1760:14) {"error":{"code":"MODULE_NOT_FOUND","requireStack":["C:\\Users\\ANTHONY WAI\\Desktop\\NileFlowBackend\\services\\user.service.js","C:\\Users\\ANTHONY WAI\\Desktop\\NileFlowBackend\\controllers\\auth.controller.js","C:\\Users\\ANTHONY WAI\\Desktop\\NileFlowBackend\\routes\\authRoutes.js","C:\\Users\\ANTHONY WAI\\Desktop\\NileFlowBackend\\src\\index.js"]},"stack":"Error: Cannot find module './appwrite.service'\nRequire stack:\n- C:\\Users\\ANTHONY WAI\\Desktop\\NileFlowBackend\\services\\user.service.js\n- C:\\Users\\ANTHONY WAI\\Desktop\\NileFlowBackend\\controllers\\auth.controller.js\n- C:\\Users\\ANTHONY WAI\\Desktop\\NileFlowBackend\\routes\\authRoutes.js\n- C:\\Users\\ANTHONY WAI\\Desktop\\NileFlowBackend\\src\\index.js\n    at Module._resolveFilename (node:internal/modules/cjs/loader:1420:15)\n    at defaultResolveImpl (node:internal/modules/cjs/loader:1058:19)\n    at resolveForCJSWithHooks (node:internal/modules/cjs/loader:1063:22)\n    at Module._load (node:internal/modules/cjs/loader:1226:37)\n    at TracingChannel.traceSync (node:diagnostics_channel:328:14)\n    at wrapModuleLoad (node:internal/modules/cjs/loader:245:24)\n    at Module.require (node:internal/modules/cjs/loader:1503:12)\n    at require (node:internal/modules/helpers:152:16)\n    at Object.<anonymous> (C:\\Users\\ANTHONY WAI\\Desktop\\NileFlowBackend\\services\\user.service.js:2:16)\n    at Module._compile (node:internal/modules/cjs/loader:1760:14)","exception":true,"date":"Fri Dec 05 2025 15:56:22 GMT+0300 (East Africa Time)","process":{"pid":19508,"uid":null,"gid":null,"cwd":"C:\\Users\\ANTHONY WAI\\Desktop\\NileFlowBackend","execPath":"C:\\Program Files\\nodejs\\node.exe","version":"v25.1.0","argv":["C:\\Program Files\\nodejs\\node.exe","C:\\Users\\ANTHONY WAI\\Desktop\\NileFlowBackend\\src\\index.js"],"memoryUsage":{"rss":72314880,"heapTotal":25444352,"heapUsed":20334360,"external":3649035,"arrayBuffers":74937}},"os":{"loadavg":[0,0,0],"uptime":17108.734},"trace":[{"column":15,"file":"node:internal/modules/cjs/loader","function":"Module._resolveFilename","line":1420,"method":"_resolveFilename","native":false},{"column":19,"file":"node:internal/modules/cjs/loader","function":"defaultResolveImpl","line":1058,"method":null,"native":false},{"column":22,"file":"node:internal/modules/cjs/loader","function":"resolveForCJSWithHooks","line":1063,"method":null,"native":false},{"column":37,"file":"node:internal/modules/cjs/loader","function":"Module._load","line":1226,"method":"_load","native":false},{"column":14,"file":"node:diagnostics_channel","function":"TracingChannel.traceSync","line":328,"method":"traceSync","native":false},{"column":24,"file":"node:internal/modules/cjs/loader","function":"wrapModuleLoad","line":245,"method":null,"native":false},{"column":12,"file":"node:internal/modules/cjs/loader","function":"Module.require","line":1503,"method":"require","native":false},{"column":16,"file":"node:internal/modules/helpers","function":"require","line":152,"method":null,"native":false},{"column":16,"file":"C:\\Users\\ANTHONY WAI\\Desktop\\NileFlowBackend\\services\\user.service.js","function":null,"line":2,"method":null,"native":false},{"column":14,"file":"node:internal/modules/cjs/loader","function":"Module._compile","line":1760,"method":"_compile","native":false}],"service":"nile-mart-api","env":"development"}
[2025-12-05 15:56:50] ERROR: uncaughtException: Cannot find module './appwrite.service'
Require stack:
- C:\Users\ANTHONY WAI\Desktop\NileFlowBackend\services\user.service.js
- C:\Users\ANTHONY WAI\Desktop\NileFlowBackend\controllers\auth.controller.js
- C:\Users\ANTHONY WAI\Desktop\NileFlowBackend\routes\authRoutes.js
- C:\Users\ANTHONY WAI\Desktop\NileFlowBackend\src\index.js
Error: Cannot find module './appwrite.service'
Require stack:
- C:\Users\ANTHONY WAI\Desktop\NileFlowBackend\services\user.service.js
- C:\Users\ANTHONY WAI\Desktop\NileFlowBackend\controllers\auth.controller.js
- C:\Users\ANTHONY WAI\Desktop\NileFlowBackend\routes\authRoutes.js
- C:\Users\ANTHONY WAI\Desktop\NileFlowBackend\src\index.js
    at Module._resolveFilename (node:internal/modules/cjs/loader:1420:15)
    at defaultResolveImpl (node:internal/modules/cjs/loader:1058:19)
    at resolveForCJSWithHooks (node:internal/modules/cjs/loader:1063:22)
    at Module._load (node:internal/modules/cjs/loader:1226:37)
    at TracingChannel.traceSync (node:diagnostics_channel:328:14)
    at wrapModuleLoad (node:internal/modules/cjs/loader:245:24)
    at Module.require (node:internal/modules/cjs/loader:1503:12)
    at require (node:internal/modules/helpers:152:16)
    at Object.<anonymous> (C:\Users\ANTHONY WAI\Desktop\NileFlowBackend\services\user.service.js:2:16)
    at Module._compile (node:internal/modules/cjs/loader:1760:14) {"error":{"code":"MODULE_NOT_FOUND","requireStack":["C:\\Users\\ANTHONY WAI\\Desktop\\NileFlowBackend\\services\\user.service.js","C:\\Users\\ANTHONY WAI\\Desktop\\NileFlowBackend\\controllers\\auth.controller.js","C:\\Users\\ANTHONY WAI\\Desktop\\NileFlowBackend\\routes\\authRoutes.js","C:\\Users\\ANTHONY WAI\\Desktop\\NileFlowBackend\\src\\index.js"]},"stack":"Error: Cannot find module './appwrite.service'\nRequire stack:\n- C:\\Users\\ANTHONY WAI\\Desktop\\NileFlowBackend\\services\\user.service.js\n- C:\\Users\\ANTHONY WAI\\Desktop\\NileFlowBackend\\controllers\\auth.controller.js\n- C:\\Users\\ANTHONY WAI\\Desktop\\NileFlowBackend\\routes\\authRoutes.js\n- C:\\Users\\ANTHONY WAI\\Desktop\\NileFlowBackend\\src\\index.js\n    at Module._resolveFilename (node:internal/modules/cjs/loader:1420:15)\n    at defaultResolveImpl (node:internal/modules/cjs/loader:1058:19)\n    at resolveForCJSWithHooks (node:internal/modules/cjs/loader:1063:22)\n    at Module._load (node:internal/modules/cjs/loader:1226:37)\n    at TracingChannel.traceSync (node:diagnostics_channel:328:14)\n    at wrapModuleLoad (node:internal/modules/cjs/loader:245:24)\n    at Module.require (node:internal/modules/cjs/loader:1503:12)\n    at require (node:internal/modules/helpers:152:16)\n    at Object.<anonymous> (C:\\Users\\ANTHONY WAI\\Desktop\\NileFlowBackend\\services\\user.service.js:2:16)\n    at Module._compile (node:internal/modules/cjs/loader:1760:14)","exception":true,"date":"Fri Dec 05 2025 15:56:50 GMT+0300 (East Africa Time)","process":{"pid":17420,"uid":null,"gid":null,"cwd":"C:\\Users\\ANTHONY WAI\\Desktop\\NileFlowBackend","execPath":"C:\\Program Files\\nodejs\\node.exe","version":"v25.1.0","argv":["C:\\Program Files\\nodejs\\node.exe","C:\\Users\\ANTHONY WAI\\Desktop\\NileFlowBackend\\src\\index.js"],"memoryUsage":{"rss":72445952,"heapTotal":25968640,"heapUsed":20808328,"external":3649035,"arrayBuffers":74937}},"os":{"loadavg":[0,0,0],"uptime":17136.015},"trace":[{"column":15,"file":"node:internal/modules/cjs/loader","function":"Module._resolveFilename","line":1420,"method":"_resolveFilename","native":false},{"column":19,"file":"node:internal/modules/cjs/loader","function":"defaultResolveImpl","line":1058,"method":null,"native":false},{"column":22,"file":"node:internal/modules/cjs/loader","function":"resolveForCJSWithHooks","line":1063,"method":null,"native":false},{"column":37,"file":"node:internal/modules/cjs/loader","function":"Module._load","line":1226,"method":"_load","native":false},{"column":14,"file":"node:diagnostics_channel","function":"TracingChannel.traceSync","line":328,"method":"traceSync","native":false},{"column":24,"file":"node:internal/modules/cjs/loader","function":"wrapModuleLoad","line":245,"method":null,"native":false},{"column":12,"file":"node:internal/modules/cjs/loader","function":"Module.require","line":1503,"method":"require","native":false},{"column":16,"file":"node:internal/modules/helpers","function":"require","line":152,"method":null,"native":false},{"column":16,"file":"C:\\Users\\ANTHONY WAI\\Desktop\\NileFlowBackend\\services\\user.service.js","function":null,"line":2,"method":null,"native":false},{"column":14,"file":"node:internal/modules/cjs/loader","function":"Module._compile","line":1760,"method":"_compile","native":false}],"service":"nile-mart-api","env":"development"}
[2025-12-05 15:57:12] ERROR: uncaughtException: Cannot find module './appwrite.service'
Require stack:
- C:\Users\ANTHONY WAI\Desktop\NileFlowBackend\services\user.service.js
- C:\Users\ANTHONY WAI\Desktop\NileFlowBackend\controllers\auth.controller.js
- C:\Users\ANTHONY WAI\Desktop\NileFlowBackend\routes\authRoutes.js
- C:\Users\ANTHONY WAI\Desktop\NileFlowBackend\src\index.js
Error: Cannot find module './appwrite.service'
Require stack:
- C:\Users\ANTHONY WAI\Desktop\NileFlowBackend\services\user.service.js
- C:\Users\ANTHONY WAI\Desktop\NileFlowBackend\controllers\auth.controller.js
- C:\Users\ANTHONY WAI\Desktop\NileFlowBackend\routes\authRoutes.js
- C:\Users\ANTHONY WAI\Desktop\NileFlowBackend\src\index.js
    at Module._resolveFilename (node:internal/modules/cjs/loader:1420:15)
    at defaultResolveImpl (node:internal/modules/cjs/loader:1058:19)
    at resolveForCJSWithHooks (node:internal/modules/cjs/loader:1063:22)
    at Module._load (node:internal/modules/cjs/loader:1226:37)
    at TracingChannel.traceSync (node:diagnostics_channel:328:14)
    at wrapModuleLoad (node:internal/modules/cjs/loader:245:24)
    at Module.require (node:internal/modules/cjs/loader:1503:12)
    at require (node:internal/modules/helpers:152:16)
    at Object.<anonymous> (C:\Users\ANTHONY WAI\Desktop\NileFlowBackend\services\user.service.js:2:16)
    at Module._compile (node:internal/modules/cjs/loader:1760:14) {"error":{"code":"MODULE_NOT_FOUND","requireStack":["C:\\Users\\ANTHONY WAI\\Desktop\\NileFlowBackend\\services\\user.service.js","C:\\Users\\ANTHONY WAI\\Desktop\\NileFlowBackend\\controllers\\auth.controller.js","C:\\Users\\ANTHONY WAI\\Desktop\\NileFlowBackend\\routes\\authRoutes.js","C:\\Users\\ANTHONY WAI\\Desktop\\NileFlowBackend\\src\\index.js"]},"stack":"Error: Cannot find module './appwrite.service'\nRequire stack:\n- C:\\Users\\ANTHONY WAI\\Desktop\\NileFlowBackend\\services\\user.service.js\n- C:\\Users\\ANTHONY WAI\\Desktop\\NileFlowBackend\\controllers\\auth.controller.js\n- C:\\Users\\ANTHONY WAI\\Desktop\\NileFlowBackend\\routes\\authRoutes.js\n- C:\\Users\\ANTHONY WAI\\Desktop\\NileFlowBackend\\src\\index.js\n    at Module._resolveFilename (node:internal/modules/cjs/loader:1420:15)\n    at defaultResolveImpl (node:internal/modules/cjs/loader:1058:19)\n    at resolveForCJSWithHooks (node:internal/modules/cjs/loader:1063:22)\n    at Module._load (node:internal/modules/cjs/loader:1226:37)\n    at TracingChannel.traceSync (node:diagnostics_channel:328:14)\n    at wrapModuleLoad (node:internal/modules/cjs/loader:245:24)\n    at Module.require (node:internal/modules/cjs/loader:1503:12)\n    at require (node:internal/modules/helpers:152:16)\n    at Object.<anonymous> (C:\\Users\\ANTHONY WAI\\Desktop\\NileFlowBackend\\services\\user.service.js:2:16)\n    at Module._compile (node:internal/modules/cjs/loader:1760:14)","exception":true,"date":"Fri Dec 05 2025 15:57:12 GMT+0300 (East Africa Time)","process":{"pid":19720,"uid":null,"gid":null,"cwd":"C:\\Users\\ANTHONY WAI\\Desktop\\NileFlowBackend","execPath":"C:\\Program Files\\nodejs\\node.exe","version":"v25.1.0","argv":["C:\\Program Files\\nodejs\\node.exe","C:\\Users\\ANTHONY WAI\\Desktop\\NileFlowBackend\\src\\index.js"],"memoryUsage":{"rss":72343552,"heapTotal":25706496,"heapUsed":20387760,"external":3649035,"arrayBuffers":74937}},"os":{"loadavg":[0,0,0],"uptime":17158.328},"trace":[{"column":15,"file":"node:internal/modules/cjs/loader","function":"Module._resolveFilename","line":1420,"method":"_resolveFilename","native":false},{"column":19,"file":"node:internal/modules/cjs/loader","function":"defaultResolveImpl","line":1058,"method":null,"native":false},{"column":22,"file":"node:internal/modules/cjs/loader","function":"resolveForCJSWithHooks","line":1063,"method":null,"native":false},{"column":37,"file":"node:internal/modules/cjs/loader","function":"Module._load","line":1226,"method":"_load","native":false},{"column":14,"file":"node:diagnostics_channel","function":"TracingChannel.traceSync","line":328,"method":"traceSync","native":false},{"column":24,"file":"node:internal/modules/cjs/loader","function":"wrapModuleLoad","line":245,"method":null,"native":false},{"column":12,"file":"node:internal/modules/cjs/loader","function":"Module.require","line":1503,"method":"require","native":false},{"column":16,"file":"node:internal/modules/helpers","function":"require","line":152,"method":null,"native":false},{"column":16,"file":"C:\\Users\\ANTHONY WAI\\Desktop\\NileFlowBackend\\services\\user.service.js","function":null,"line":2,"method":null,"native":false},{"column":14,"file":"node:internal/modules/cjs/loader","function":"Module._compile","line":1760,"method":"_compile","native":false}],"service":"nile-mart-api","env":"development"}
[2025-12-05 15:58:15] ERROR: uncaughtException: Cannot find module './appwrite.service'
Require stack:
- C:\Users\ANTHONY WAI\Desktop\NileFlowBackend\services\user.service.js
- C:\Users\ANTHONY WAI\Desktop\NileFlowBackend\controllers\auth.controller.js
- C:\Users\ANTHONY WAI\Desktop\NileFlowBackend\routes\authRoutes.js
- C:\Users\ANTHONY WAI\Desktop\NileFlowBackend\src\index.js
Error: Cannot find module './appwrite.service'
Require stack:
- C:\Users\ANTHONY WAI\Desktop\NileFlowBackend\services\user.service.js
- C:\Users\ANTHONY WAI\Desktop\NileFlowBackend\controllers\auth.controller.js
- C:\Users\ANTHONY WAI\Desktop\NileFlowBackend\routes\authRoutes.js
- C:\Users\ANTHONY WAI\Desktop\NileFlowBackend\src\index.js
    at Module._resolveFilename (node:internal/modules/cjs/loader:1420:15)
    at defaultResolveImpl (node:internal/modules/cjs/loader:1058:19)
    at resolveForCJSWithHooks (node:internal/modules/cjs/loader:1063:22)
    at Module._load (node:internal/modules/cjs/loader:1226:37)
    at TracingChannel.traceSync (node:diagnostics_channel:328:14)
    at wrapModuleLoad (node:internal/modules/cjs/loader:245:24)
    at Module.require (node:internal/modules/cjs/loader:1503:12)
    at require (node:internal/modules/helpers:152:16)
    at Object.<anonymous> (C:\Users\ANTHONY WAI\Desktop\NileFlowBackend\services\user.service.js:2:16)
    at Module._compile (node:internal/modules/cjs/loader:1760:14) {"error":{"code":"MODULE_NOT_FOUND","requireStack":["C:\\Users\\ANTHONY WAI\\Desktop\\NileFlowBackend\\services\\user.service.js","C:\\Users\\ANTHONY WAI\\Desktop\\NileFlowBackend\\controllers\\auth.controller.js","C:\\Users\\ANTHONY WAI\\Desktop\\NileFlowBackend\\routes\\authRoutes.js","C:\\Users\\ANTHONY WAI\\Desktop\\NileFlowBackend\\src\\index.js"]},"stack":"Error: Cannot find module './appwrite.service'\nRequire stack:\n- C:\\Users\\ANTHONY WAI\\Desktop\\NileFlowBackend\\services\\user.service.js\n- C:\\Users\\ANTHONY WAI\\Desktop\\NileFlowBackend\\controllers\\auth.controller.js\n- C:\\Users\\ANTHONY WAI\\Desktop\\NileFlowBackend\\routes\\authRoutes.js\n- C:\\Users\\ANTHONY WAI\\Desktop\\NileFlowBackend\\src\\index.js\n    at Module._resolveFilename (node:internal/modules/cjs/loader:1420:15)\n    at defaultResolveImpl (node:internal/modules/cjs/loader:1058:19)\n    at resolveForCJSWithHooks (node:internal/modules/cjs/loader:1063:22)\n    at Module._load (node:internal/modules/cjs/loader:1226:37)\n    at TracingChannel.traceSync (node:diagnostics_channel:328:14)\n    at wrapModuleLoad (node:internal/modules/cjs/loader:245:24)\n    at Module.require (node:internal/modules/cjs/loader:1503:12)\n    at require (node:internal/modules/helpers:152:16)\n    at Object.<anonymous> (C:\\Users\\ANTHONY WAI\\Desktop\\NileFlowBackend\\services\\user.service.js:2:16)\n    at Module._compile (node:internal/modules/cjs/loader:1760:14)","exception":true,"date":"Fri Dec 05 2025 15:58:15 GMT+0300 (East Africa Time)","process":{"pid":13936,"uid":null,"gid":null,"cwd":"C:\\Users\\ANTHONY WAI\\Desktop\\NileFlowBackend","execPath":"C:\\Program Files\\nodejs\\node.exe","version":"v25.1.0","argv":["C:\\Program Files\\nodejs\\node.exe","C:\\Users\\ANTHONY WAI\\Desktop\\NileFlowBackend\\src\\index.js"],"memoryUsage":{"rss":72638464,"heapTotal":25968640,"heapUsed":21021600,"external":3649035,"arrayBuffers":74937}},"os":{"loadavg":[0,0,0],"uptime":17221.14},"trace":[{"column":15,"file":"node:internal/modules/cjs/loader","function":"Module._resolveFilename","line":1420,"method":"_resolveFilename","native":false},{"column":19,"file":"node:internal/modules/cjs/loader","function":"defaultResolveImpl","line":1058,"method":null,"native":false},{"column":22,"file":"node:internal/modules/cjs/loader","function":"resolveForCJSWithHooks","line":1063,"method":null,"native":false},{"column":37,"file":"node:internal/modules/cjs/loader","function":"Module._load","line":1226,"method":"_load","native":false},{"column":14,"file":"node:diagnostics_channel","function":"TracingChannel.traceSync","line":328,"method":"traceSync","native":false},{"column":24,"file":"node:internal/modules/cjs/loader","function":"wrapModuleLoad","line":245,"method":null,"native":false},{"column":12,"file":"node:internal/modules/cjs/loader","function":"Module.require","line":1503,"method":"require","native":false},{"column":16,"file":"node:internal/modules/helpers","function":"require","line":152,"method":null,"native":false},{"column":16,"file":"C:\\Users\\ANTHONY WAI\\Desktop\\NileFlowBackend\\services\\user.service.js","function":null,"line":2,"method":null,"native":false},{"column":14,"file":"node:internal/modules/cjs/loader","function":"Module._compile","line":1760,"method":"_compile","native":false}],"service":"nile-mart-api","env":"development"}
[2025-12-05 16:06:56] ERROR: uncaughtException: Cannot find module './appwrite.service'
Require stack:
- C:\Users\ANTHONY WAI\Desktop\NileFlowBackend\services\user.service.js
- C:\Users\ANTHONY WAI\Desktop\NileFlowBackend\controllers\auth.controller.js
- C:\Users\ANTHONY WAI\Desktop\NileFlowBackend\routes\authRoutes.js
- C:\Users\ANTHONY WAI\Desktop\NileFlowBackend\src\index.js
Error: Cannot find module './appwrite.service'
Require stack:
- C:\Users\ANTHONY WAI\Desktop\NileFlowBackend\services\user.service.js
- C:\Users\ANTHONY WAI\Desktop\NileFlowBackend\controllers\auth.controller.js
- C:\Users\ANTHONY WAI\Desktop\NileFlowBackend\routes\authRoutes.js
- C:\Users\ANTHONY WAI\Desktop\NileFlowBackend\src\index.js
    at Module._resolveFilename (node:internal/modules/cjs/loader:1420:15)
    at defaultResolveImpl (node:internal/modules/cjs/loader:1058:19)
    at resolveForCJSWithHooks (node:internal/modules/cjs/loader:1063:22)
    at Module._load (node:internal/modules/cjs/loader:1226:37)
    at TracingChannel.traceSync (node:diagnostics_channel:328:14)
    at wrapModuleLoad (node:internal/modules/cjs/loader:245:24)
    at Module.require (node:internal/modules/cjs/loader:1503:12)
    at require (node:internal/modules/helpers:152:16)
    at Object.<anonymous> (C:\Users\ANTHONY WAI\Desktop\NileFlowBackend\services\user.service.js:2:16)
    at Module._compile (node:internal/modules/cjs/loader:1760:14) {"error":{"code":"MODULE_NOT_FOUND","requireStack":["C:\\Users\\ANTHONY WAI\\Desktop\\NileFlowBackend\\services\\user.service.js","C:\\Users\\ANTHONY WAI\\Desktop\\NileFlowBackend\\controllers\\auth.controller.js","C:\\Users\\ANTHONY WAI\\Desktop\\NileFlowBackend\\routes\\authRoutes.js","C:\\Users\\ANTHONY WAI\\Desktop\\NileFlowBackend\\src\\index.js"]},"stack":"Error: Cannot find module './appwrite.service'\nRequire stack:\n- C:\\Users\\ANTHONY WAI\\Desktop\\NileFlowBackend\\services\\user.service.js\n- C:\\Users\\ANTHONY WAI\\Desktop\\NileFlowBackend\\controllers\\auth.controller.js\n- C:\\Users\\ANTHONY WAI\\Desktop\\NileFlowBackend\\routes\\authRoutes.js\n- C:\\Users\\ANTHONY WAI\\Desktop\\NileFlowBackend\\src\\index.js\n    at Module._resolveFilename (node:internal/modules/cjs/loader:1420:15)\n    at defaultResolveImpl (node:internal/modules/cjs/loader:1058:19)\n    at resolveForCJSWithHooks (node:internal/modules/cjs/loader:1063:22)\n    at Module._load (node:internal/modules/cjs/loader:1226:37)\n    at TracingChannel.traceSync (node:diagnostics_channel:328:14)\n    at wrapModuleLoad (node:internal/modules/cjs/loader:245:24)\n    at Module.require (node:internal/modules/cjs/loader:1503:12)\n    at require (node:internal/modules/helpers:152:16)\n    at Object.<anonymous> (C:\\Users\\ANTHONY WAI\\Desktop\\NileFlowBackend\\services\\user.service.js:2:16)\n    at Module._compile (node:internal/modules/cjs/loader:1760:14)","exception":true,"date":"Fri Dec 05 2025 16:06:55 GMT+0300 (East Africa Time)","process":{"pid":17240,"uid":null,"gid":null,"cwd":"C:\\Users\\ANTHONY WAI\\Desktop\\NileFlowBackend","execPath":"C:\\Program Files\\nodejs\\node.exe","version":"v25.1.0","argv":["C:\\Program Files\\nodejs\\node.exe","C:\\Users\\ANTHONY WAI\\Desktop\\NileFlowBackend\\src\\index.js"],"memoryUsage":{"rss":72052736,"heapTotal":25706496,"heapUsed":20473160,"external":3649035,"arrayBuffers":74937}},"os":{"loadavg":[0,0,0],"uptime":17741.859},"trace":[{"column":15,"file":"node:internal/modules/cjs/loader","function":"Module._resolveFilename","line":1420,"method":"_resolveFilename","native":false},{"column":19,"file":"node:internal/modules/cjs/loader","function":"defaultResolveImpl","line":1058,"method":null,"native":false},{"column":22,"file":"node:internal/modules/cjs/loader","function":"resolveForCJSWithHooks","line":1063,"method":null,"native":false},{"column":37,"file":"node:internal/modules/cjs/loader","function":"Module._load","line":1226,"method":"_load","native":false},{"column":14,"file":"node:diagnostics_channel","function":"TracingChannel.traceSync","line":328,"method":"traceSync","native":false},{"column":24,"file":"node:internal/modules/cjs/loader","function":"wrapModuleLoad","line":245,"method":null,"native":false},{"column":12,"file":"node:internal/modules/cjs/loader","function":"Module.require","line":1503,"method":"require","native":false},{"column":16,"file":"node:internal/modules/helpers","function":"require","line":152,"method":null,"native":false},{"column":16,"file":"C:\\Users\\ANTHONY WAI\\Desktop\\NileFlowBackend\\services\\user.service.js","function":null,"line":2,"method":null,"native":false},{"column":14,"file":"node:internal/modules/cjs/loader","function":"Module._compile","line":1760,"method":"_compile","native":false}],"service":"nile-mart-api","env":"development"}
[2025-12-05 16:08:04] ERROR: uncaughtException: Cannot find module './appwrite.service'
Require stack:
- C:\Users\ANTHONY WAI\Desktop\NileFlowBackend\services\user.service.js
- C:\Users\ANTHONY WAI\Desktop\NileFlowBackend\controllers\auth.controller.js
- C:\Users\ANTHONY WAI\Desktop\NileFlowBackend\routes\authRoutes.js
- C:\Users\ANTHONY WAI\Desktop\NileFlowBackend\src\index.js
Error: Cannot find module './appwrite.service'
Require stack:
- C:\Users\ANTHONY WAI\Desktop\NileFlowBackend\services\user.service.js
- C:\Users\ANTHONY WAI\Desktop\NileFlowBackend\controllers\auth.controller.js
- C:\Users\ANTHONY WAI\Desktop\NileFlowBackend\routes\authRoutes.js
- C:\Users\ANTHONY WAI\Desktop\NileFlowBackend\src\index.js
    at Module._resolveFilename (node:internal/modules/cjs/loader:1420:15)
    at defaultResolveImpl (node:internal/modules/cjs/loader:1058:19)
    at resolveForCJSWithHooks (node:internal/modules/cjs/loader:1063:22)
    at Module._load (node:internal/modules/cjs/loader:1226:37)
    at TracingChannel.traceSync (node:diagnostics_channel:328:14)
    at wrapModuleLoad (node:internal/modules/cjs/loader:245:24)
    at Module.require (node:internal/modules/cjs/loader:1503:12)
    at require (node:internal/modules/helpers:152:16)
    at Object.<anonymous> (C:\Users\ANTHONY WAI\Desktop\NileFlowBackend\services\user.service.js:2:16)
    at Module._compile (node:internal/modules/cjs/loader:1760:14) {"error":{"code":"MODULE_NOT_FOUND","requireStack":["C:\\Users\\ANTHONY WAI\\Desktop\\NileFlowBackend\\services\\user.service.js","C:\\Users\\ANTHONY WAI\\Desktop\\NileFlowBackend\\controllers\\auth.controller.js","C:\\Users\\ANTHONY WAI\\Desktop\\NileFlowBackend\\routes\\authRoutes.js","C:\\Users\\ANTHONY WAI\\Desktop\\NileFlowBackend\\src\\index.js"]},"stack":"Error: Cannot find module './appwrite.service'\nRequire stack:\n- C:\\Users\\ANTHONY WAI\\Desktop\\NileFlowBackend\\services\\user.service.js\n- C:\\Users\\ANTHONY WAI\\Desktop\\NileFlowBackend\\controllers\\auth.controller.js\n- C:\\Users\\ANTHONY WAI\\Desktop\\NileFlowBackend\\routes\\authRoutes.js\n- C:\\Users\\ANTHONY WAI\\Desktop\\NileFlowBackend\\src\\index.js\n    at Module._resolveFilename (node:internal/modules/cjs/loader:1420:15)\n    at defaultResolveImpl (node:internal/modules/cjs/loader:1058:19)\n    at resolveForCJSWithHooks (node:internal/modules/cjs/loader:1063:22)\n    at Module._load (node:internal/modules/cjs/loader:1226:37)\n    at TracingChannel.traceSync (node:diagnostics_channel:328:14)\n    at wrapModuleLoad (node:internal/modules/cjs/loader:245:24)\n    at Module.require (node:internal/modules/cjs/loader:1503:12)\n    at require (node:internal/modules/helpers:152:16)\n    at Object.<anonymous> (C:\\Users\\ANTHONY WAI\\Desktop\\NileFlowBackend\\services\\user.service.js:2:16)\n    at Module._compile (node:internal/modules/cjs/loader:1760:14)","exception":true,"date":"Fri Dec 05 2025 16:08:04 GMT+0300 (East Africa Time)","process":{"pid":232,"uid":null,"gid":null,"cwd":"C:\\Users\\ANTHONY WAI\\Desktop\\NileFlowBackend","execPath":"C:\\Program Files\\nodejs\\node.exe","version":"v25.1.0","argv":["C:\\Program Files\\nodejs\\node.exe","C:\\Users\\ANTHONY WAI\\Desktop\\NileFlowBackend\\src\\index.js"],"memoryUsage":{"rss":72499200,"heapTotal":25968640,"heapUsed":20778496,"external":3649035,"arrayBuffers":74937}},"os":{"loadavg":[0,0,0],"uptime":17809.953},"trace":[{"column":15,"file":"node:internal/modules/cjs/loader","function":"Module._resolveFilename","line":1420,"method":"_resolveFilename","native":false},{"column":19,"file":"node:internal/modules/cjs/loader","function":"defaultResolveImpl","line":1058,"method":null,"native":false},{"column":22,"file":"node:internal/modules/cjs/loader","function":"resolveForCJSWithHooks","line":1063,"method":null,"native":false},{"column":37,"file":"node:internal/modules/cjs/loader","function":"Module._load","line":1226,"method":"_load","native":false},{"column":14,"file":"node:diagnostics_channel","function":"TracingChannel.traceSync","line":328,"method":"traceSync","native":false},{"column":24,"file":"node:internal/modules/cjs/loader","function":"wrapModuleLoad","line":245,"method":null,"native":false},{"column":12,"file":"node:internal/modules/cjs/loader","function":"Module.require","line":1503,"method":"require","native":false},{"column":16,"file":"node:internal/modules/helpers","function":"require","line":152,"method":null,"native":false},{"column":16,"file":"C:\\Users\\ANTHONY WAI\\Desktop\\NileFlowBackend\\services\\user.service.js","function":null,"line":2,"method":null,"native":false},{"column":14,"file":"node:internal/modules/cjs/loader","function":"Module._compile","line":1760,"method":"_compile","native":false}],"service":"nile-mart-api","env":"development"}
[2025-12-05 16:09:27] ERROR: uncaughtException: Cannot find module './logger'
Require stack:
- C:\Users\ANTHONY WAI\Desktop\NileFlowBackend\services\user.service.js
- C:\Users\ANTHONY WAI\Desktop\NileFlowBackend\controllers\auth.controller.js
- C:\Users\ANTHONY WAI\Desktop\NileFlowBackend\routes\authRoutes.js
- C:\Users\ANTHONY WAI\Desktop\NileFlowBackend\src\index.js
Error: Cannot find module './logger'
Require stack:
- C:\Users\ANTHONY WAI\Desktop\NileFlowBackend\services\user.service.js
- C:\Users\ANTHONY WAI\Desktop\NileFlowBackend\controllers\auth.controller.js
- C:\Users\ANTHONY WAI\Desktop\NileFlowBackend\routes\authRoutes.js
- C:\Users\ANTHONY WAI\Desktop\NileFlowBackend\src\index.js
    at Module._resolveFilename (node:internal/modules/cjs/loader:1420:15)
    at defaultResolveImpl (node:internal/modules/cjs/loader:1058:19)
    at resolveForCJSWithHooks (node:internal/modules/cjs/loader:1063:22)
    at Module._load (node:internal/modules/cjs/loader:1226:37)
    at TracingChannel.traceSync (node:diagnostics_channel:328:14)
    at wrapModuleLoad (node:internal/modules/cjs/loader:245:24)
    at Module.require (node:internal/modules/cjs/loader:1503:12)
    at require (node:internal/modules/helpers:152:16)
    at Object.<anonymous> (C:\Users\ANTHONY WAI\Desktop\NileFlowBackend\services\user.service.js:4:16)
    at Module._compile (node:internal/modules/cjs/loader:1760:14) {"error":{"code":"MODULE_NOT_FOUND","requireStack":["C:\\Users\\ANTHONY WAI\\Desktop\\NileFlowBackend\\services\\user.service.js","C:\\Users\\ANTHONY WAI\\Desktop\\NileFlowBackend\\controllers\\auth.controller.js","C:\\Users\\ANTHONY WAI\\Desktop\\NileFlowBackend\\routes\\authRoutes.js","C:\\Users\\ANTHONY WAI\\Desktop\\NileFlowBackend\\src\\index.js"]},"stack":"Error: Cannot find module './logger'\nRequire stack:\n- C:\\Users\\ANTHONY WAI\\Desktop\\NileFlowBackend\\services\\user.service.js\n- C:\\Users\\ANTHONY WAI\\Desktop\\NileFlowBackend\\controllers\\auth.controller.js\n- C:\\Users\\ANTHONY WAI\\Desktop\\NileFlowBackend\\routes\\authRoutes.js\n- C:\\Users\\ANTHONY WAI\\Desktop\\NileFlowBackend\\src\\index.js\n    at Module._resolveFilename (node:internal/modules/cjs/loader:1420:15)\n    at defaultResolveImpl (node:internal/modules/cjs/loader:1058:19)\n    at resolveForCJSWithHooks (node:internal/modules/cjs/loader:1063:22)\n    at Module._load (node:internal/modules/cjs/loader:1226:37)\n    at TracingChannel.traceSync (node:diagnostics_channel:328:14)\n    at wrapModuleLoad (node:internal/modules/cjs/loader:245:24)\n    at Module.require (node:internal/modules/cjs/loader:1503:12)\n    at require (node:internal/modules/helpers:152:16)\n    at Object.<anonymous> (C:\\Users\\ANTHONY WAI\\Desktop\\NileFlowBackend\\services\\user.service.js:4:16)\n    at Module._compile (node:internal/modules/cjs/loader:1760:14)","exception":true,"date":"Fri Dec 05 2025 16:09:27 GMT+0300 (East Africa Time)","process":{"pid":4372,"uid":null,"gid":null,"cwd":"C:\\Users\\ANTHONY WAI\\Desktop\\NileFlowBackend","execPath":"C:\\Program Files\\nodejs\\node.exe","version":"v25.1.0","argv":["C:\\Program Files\\nodejs\\node.exe","C:\\Users\\ANTHONY WAI\\Desktop\\NileFlowBackend\\src\\index.js"],"memoryUsage":{"rss":72253440,"heapTotal":25706496,"heapUsed":20431648,"external":3649035,"arrayBuffers":74937}},"os":{"loadavg":[0,0,0],"uptime":17893.64},"trace":[{"column":15,"file":"node:internal/modules/cjs/loader","function":"Module._resolveFilename","line":1420,"method":"_resolveFilename","native":false},{"column":19,"file":"node:internal/modules/cjs/loader","function":"defaultResolveImpl","line":1058,"method":null,"native":false},{"column":22,"file":"node:internal/modules/cjs/loader","function":"resolveForCJSWithHooks","line":1063,"method":null,"native":false},{"column":37,"file":"node:internal/modules/cjs/loader","function":"Module._load","line":1226,"method":"_load","native":false},{"column":14,"file":"node:diagnostics_channel","function":"TracingChannel.traceSync","line":328,"method":"traceSync","native":false},{"column":24,"file":"node:internal/modules/cjs/loader","function":"wrapModuleLoad","line":245,"method":null,"native":false},{"column":12,"file":"node:internal/modules/cjs/loader","function":"Module.require","line":1503,"method":"require","native":false},{"column":16,"file":"node:internal/modules/helpers","function":"require","line":152,"method":null,"native":false},{"column":16,"file":"C:\\Users\\ANTHONY WAI\\Desktop\\NileFlowBackend\\services\\user.service.js","function":null,"line":4,"method":null,"native":false},{"column":14,"file":"node:internal/modules/cjs/loader","function":"Module._compile","line":1760,"method":"_compile","native":false}],"service":"nile-mart-api","env":"development"}
[2025-12-05 16:12:02] ERROR: uncaughtException: Cannot find module './logger'
Require stack:
- C:\Users\ANTHONY WAI\Desktop\NileFlowBackend\services\user.service.js
- C:\Users\ANTHONY WAI\Desktop\NileFlowBackend\controllers\auth.controller.js
- C:\Users\ANTHONY WAI\Desktop\NileFlowBackend\routes\authRoutes.js
- C:\Users\ANTHONY WAI\Desktop\NileFlowBackend\src\index.js
Error: Cannot find module './logger'
Require stack:
- C:\Users\ANTHONY WAI\Desktop\NileFlowBackend\services\user.service.js
- C:\Users\ANTHONY WAI\Desktop\NileFlowBackend\controllers\auth.controller.js
- C:\Users\ANTHONY WAI\Desktop\NileFlowBackend\routes\authRoutes.js
- C:\Users\ANTHONY WAI\Desktop\NileFlowBackend\src\index.js
    at Module._resolveFilename (node:internal/modules/cjs/loader:1420:15)
    at defaultResolveImpl (node:internal/modules/cjs/loader:1058:19)
    at resolveForCJSWithHooks (node:internal/modules/cjs/loader:1063:22)
    at Module._load (node:internal/modules/cjs/loader:1226:37)
    at TracingChannel.traceSync (node:diagnostics_channel:328:14)
    at wrapModuleLoad (node:internal/modules/cjs/loader:245:24)
    at Module.require (node:internal/modules/cjs/loader:1503:12)
    at require (node:internal/modules/helpers:152:16)
    at Object.<anonymous> (C:\Users\ANTHONY WAI\Desktop\NileFlowBackend\services\user.service.js:4:16)
    at Module._compile (node:internal/modules/cjs/loader:1760:14) {"error":{"code":"MODULE_NOT_FOUND","requireStack":["C:\\Users\\ANTHONY WAI\\Desktop\\NileFlowBackend\\services\\user.service.js","C:\\Users\\ANTHONY WAI\\Desktop\\NileFlowBackend\\controllers\\auth.controller.js","C:\\Users\\ANTHONY WAI\\Desktop\\NileFlowBackend\\routes\\authRoutes.js","C:\\Users\\ANTHONY WAI\\Desktop\\NileFlowBackend\\src\\index.js"]},"stack":"Error: Cannot find module './logger'\nRequire stack:\n- C:\\Users\\ANTHONY WAI\\Desktop\\NileFlowBackend\\services\\user.service.js\n- C:\\Users\\ANTHONY WAI\\Desktop\\NileFlowBackend\\controllers\\auth.controller.js\n- C:\\Users\\ANTHONY WAI\\Desktop\\NileFlowBackend\\routes\\authRoutes.js\n- C:\\Users\\ANTHONY WAI\\Desktop\\NileFlowBackend\\src\\index.js\n    at Module._resolveFilename (node:internal/modules/cjs/loader:1420:15)\n    at defaultResolveImpl (node:internal/modules/cjs/loader:1058:19)\n    at resolveForCJSWithHooks (node:internal/modules/cjs/loader:1063:22)\n    at Module._load (node:internal/modules/cjs/loader:1226:37)\n    at TracingChannel.traceSync (node:diagnostics_channel:328:14)\n    at wrapModuleLoad (node:internal/modules/cjs/loader:245:24)\n    at Module.require (node:internal/modules/cjs/loader:1503:12)\n    at require (node:internal/modules/helpers:152:16)\n    at Object.<anonymous> (C:\\Users\\ANTHONY WAI\\Desktop\\NileFlowBackend\\services\\user.service.js:4:16)\n    at Module._compile (node:internal/modules/cjs/loader:1760:14)","exception":true,"date":"Fri Dec 05 2025 16:12:02 GMT+0300 (East Africa Time)","process":{"pid":13376,"uid":null,"gid":null,"cwd":"C:\\Users\\ANTHONY WAI\\Desktop\\NileFlowBackend","execPath":"C:\\Program Files\\nodejs\\node.exe","version":"v25.1.0","argv":["C:\\Program Files\\nodejs\\node.exe","C:\\Users\\ANTHONY WAI\\Desktop\\NileFlowBackend\\src\\index.js"],"memoryUsage":{"rss":72695808,"heapTotal":26230784,"heapUsed":20923496,"external":3649035,"arrayBuffers":74937}},"os":{"loadavg":[0,0,0],"uptime":18047.921},"trace":[{"column":15,"file":"node:internal/modules/cjs/loader","function":"Module._resolveFilename","line":1420,"method":"_resolveFilename","native":false},{"column":19,"file":"node:internal/modules/cjs/loader","function":"defaultResolveImpl","line":1058,"method":null,"native":false},{"column":22,"file":"node:internal/modules/cjs/loader","function":"resolveForCJSWithHooks","line":1063,"method":null,"native":false},{"column":37,"file":"node:internal/modules/cjs/loader","function":"Module._load","line":1226,"method":"_load","native":false},{"column":14,"file":"node:diagnostics_channel","function":"TracingChannel.traceSync","line":328,"method":"traceSync","native":false},{"column":24,"file":"node:internal/modules/cjs/loader","function":"wrapModuleLoad","line":245,"method":null,"native":false},{"column":12,"file":"node:internal/modules/cjs/loader","function":"Module.require","line":1503,"method":"require","native":false},{"column":16,"file":"node:internal/modules/helpers","function":"require","line":152,"method":null,"native":false},{"column":16,"file":"C:\\Users\\ANTHONY WAI\\Desktop\\NileFlowBackend\\services\\user.service.js","function":null,"line":4,"method":null,"native":false},{"column":14,"file":"node:internal/modules/cjs/loader","function":"Module._compile","line":1760,"method":"_compile","native":false}],"service":"nile-mart-api","env":"development"}
[2025-12-05 16:12:35] ERROR: uncaughtException: Cannot find module 'xss'
Require stack:
- C:\Users\ANTHONY WAI\Desktop\NileFlowBackend\utils\sanitizer.js
- C:\Users\ANTHONY WAI\Desktop\NileFlowBackend\controllers\auth.controller.js
- C:\Users\ANTHONY WAI\Desktop\NileFlowBackend\routes\authRoutes.js
- C:\Users\ANTHONY WAI\Desktop\NileFlowBackend\src\index.js
Error: Cannot find module 'xss'
Require stack:
- C:\Users\ANTHONY WAI\Desktop\NileFlowBackend\utils\sanitizer.js
- C:\Users\ANTHONY WAI\Desktop\NileFlowBackend\controllers\auth.controller.js
- C:\Users\ANTHONY WAI\Desktop\NileFlowBackend\routes\authRoutes.js
- C:\Users\ANTHONY WAI\Desktop\NileFlowBackend\src\index.js
    at Module._resolveFilename (node:internal/modules/cjs/loader:1420:15)
    at defaultResolveImpl (node:internal/modules/cjs/loader:1058:19)
    at resolveForCJSWithHooks (node:internal/modules/cjs/loader:1063:22)
    at Module._load (node:internal/modules/cjs/loader:1226:37)
    at TracingChannel.traceSync (node:diagnostics_channel:328:14)
    at wrapModuleLoad (node:internal/modules/cjs/loader:245:24)
    at Module.require (node:internal/modules/cjs/loader:1503:12)
    at require (node:internal/modules/helpers:152:16)
    at Object.<anonymous> (C:\Users\ANTHONY WAI\Desktop\NileFlowBackend\utils\sanitizer.js:2:13)
    at Module._compile (node:internal/modules/cjs/loader:1760:14) {"error":{"code":"MODULE_NOT_FOUND","requireStack":["C:\\Users\\ANTHONY WAI\\Desktop\\NileFlowBackend\\utils\\sanitizer.js","C:\\Users\\ANTHONY WAI\\Desktop\\NileFlowBackend\\controllers\\auth.controller.js","C:\\Users\\ANTHONY WAI\\Desktop\\NileFlowBackend\\routes\\authRoutes.js","C:\\Users\\ANTHONY WAI\\Desktop\\NileFlowBackend\\src\\index.js"]},"stack":"Error: Cannot find module 'xss'\nRequire stack:\n- C:\\Users\\ANTHONY WAI\\Desktop\\NileFlowBackend\\utils\\sanitizer.js\n- C:\\Users\\ANTHONY WAI\\Desktop\\NileFlowBackend\\controllers\\auth.controller.js\n- C:\\Users\\ANTHONY WAI\\Desktop\\NileFlowBackend\\routes\\authRoutes.js\n- C:\\Users\\ANTHONY WAI\\Desktop\\NileFlowBackend\\src\\index.js\n    at Module._resolveFilename (node:internal/modules/cjs/loader:1420:15)\n    at defaultResolveImpl (node:internal/modules/cjs/loader:1058:19)\n    at resolveForCJSWithHooks (node:internal/modules/cjs/loader:1063:22)\n    at Module._load (node:internal/modules/cjs/loader:1226:37)\n    at TracingChannel.traceSync (node:diagnostics_channel:328:14)\n    at wrapModuleLoad (node:internal/modules/cjs/loader:245:24)\n    at Module.require (node:internal/modules/cjs/loader:1503:12)\n    at require (node:internal/modules/helpers:152:16)\n    at Object.<anonymous> (C:\\Users\\ANTHONY WAI\\Desktop\\NileFlowBackend\\utils\\sanitizer.js:2:13)\n    at Module._compile (node:internal/modules/cjs/loader:1760:14)","exception":true,"date":"Fri Dec 05 2025 16:12:35 GMT+0300 (East Africa Time)","process":{"pid":16272,"uid":null,"gid":null,"cwd":"C:\\Users\\ANTHONY WAI\\Desktop\\NileFlowBackend","execPath":"C:\\Program Files\\nodejs\\node.exe","version":"v25.1.0","argv":["C:\\Program Files\\nodejs\\node.exe","C:\\Users\\ANTHONY WAI\\Desktop\\NileFlowBackend\\src\\index.js"],"memoryUsage":{"rss":72515584,"heapTotal":25968640,"heapUsed":20583392,"external":3649035,"arrayBuffers":74937}},"os":{"loadavg":[0,0,0],"uptime":18081.421},"trace":[{"column":15,"file":"node:internal/modules/cjs/loader","function":"Module._resolveFilename","line":1420,"method":"_resolveFilename","native":false},{"column":19,"file":"node:internal/modules/cjs/loader","function":"defaultResolveImpl","line":1058,"method":null,"native":false},{"column":22,"file":"node:internal/modules/cjs/loader","function":"resolveForCJSWithHooks","line":1063,"method":null,"native":false},{"column":37,"file":"node:internal/modules/cjs/loader","function":"Module._load","line":1226,"method":"_load","native":false},{"column":14,"file":"node:diagnostics_channel","function":"TracingChannel.traceSync","line":328,"method":"traceSync","native":false},{"column":24,"file":"node:internal/modules/cjs/loader","function":"wrapModuleLoad","line":245,"method":null,"native":false},{"column":12,"file":"node:internal/modules/cjs/loader","function":"Module.require","line":1503,"method":"require","native":false},{"column":16,"file":"node:internal/modules/helpers","function":"require","line":152,"method":null,"native":false},{"column":13,"file":"C:\\Users\\ANTHONY WAI\\Desktop\\NileFlowBackend\\utils\\sanitizer.js","function":null,"line":2,"method":null,"native":false},{"column":14,"file":"node:internal/modules/cjs/loader","function":"Module._compile","line":1760,"method":"_compile","native":false}],"service":"nile-mart-api","env":"development"}
[2025-12-05 20:04:46] ERROR: uncaughtException: Cannot find module '../services/appwrite.service'
Require stack:
- C:\Users\ANTHONY WAI\Desktop\NileFlowBackend\middleware\auth.middleware.js
- C:\Users\ANTHONY WAI\Desktop\NileFlowBackend\routes\authRoutes.js
- C:\Users\ANTHONY WAI\Desktop\NileFlowBackend\src\index.js
Error: Cannot find module '../services/appwrite.service'
Require stack:
- C:\Users\ANTHONY WAI\Desktop\NileFlowBackend\middleware\auth.middleware.js
- C:\Users\ANTHONY WAI\Desktop\NileFlowBackend\routes\authRoutes.js
- C:\Users\ANTHONY WAI\Desktop\NileFlowBackend\src\index.js
    at Module._resolveFilename (node:internal/modules/cjs/loader:1420:15)
    at defaultResolveImpl (node:internal/modules/cjs/loader:1058:19)
    at resolveForCJSWithHooks (node:internal/modules/cjs/loader:1063:22)
    at Module._load (node:internal/modules/cjs/loader:1226:37)
    at TracingChannel.traceSync (node:diagnostics_channel:328:14)
    at wrapModuleLoad (node:internal/modules/cjs/loader:245:24)
    at Module.require (node:internal/modules/cjs/loader:1503:12)
    at require (node:internal/modules/helpers:152:16)
    at Object.<anonymous> (C:\Users\ANTHONY WAI\Desktop\NileFlowBackend\middleware\auth.middleware.js:2:25)
    at Module._compile (node:internal/modules/cjs/loader:1760:14) {"error":{"code":"MODULE_NOT_FOUND","requireStack":["C:\\Users\\ANTHONY WAI\\Desktop\\NileFlowBackend\\middleware\\auth.middleware.js","C:\\Users\\ANTHONY WAI\\Desktop\\NileFlowBackend\\routes\\authRoutes.js","C:\\Users\\ANTHONY WAI\\Desktop\\NileFlowBackend\\src\\index.js"]},"stack":"Error: Cannot find module '../services/appwrite.service'\nRequire stack:\n- C:\\Users\\ANTHONY WAI\\Desktop\\NileFlowBackend\\middleware\\auth.middleware.js\n- C:\\Users\\ANTHONY WAI\\Desktop\\NileFlowBackend\\routes\\authRoutes.js\n- C:\\Users\\ANTHONY WAI\\Desktop\\NileFlowBackend\\src\\index.js\n    at Module._resolveFilename (node:internal/modules/cjs/loader:1420:15)\n    at defaultResolveImpl (node:internal/modules/cjs/loader:1058:19)\n    at resolveForCJSWithHooks (node:internal/modules/cjs/loader:1063:22)\n    at Module._load (node:internal/modules/cjs/loader:1226:37)\n    at TracingChannel.traceSync (node:diagnostics_channel:328:14)\n    at wrapModuleLoad (node:internal/modules/cjs/loader:245:24)\n    at Module.require (node:internal/modules/cjs/loader:1503:12)\n    at require (node:internal/modules/helpers:152:16)\n    at Object.<anonymous> (C:\\Users\\ANTHONY WAI\\Desktop\\NileFlowBackend\\middleware\\auth.middleware.js:2:25)\n    at Module._compile (node:internal/modules/cjs/loader:1760:14)","exception":true,"date":"Fri Dec 05 2025 20:04:46 GMT+0300 (East Africa Time)","process":{"pid":16912,"uid":null,"gid":null,"cwd":"C:\\Users\\ANTHONY WAI\\Desktop\\NileFlowBackend","execPath":"C:\\Program Files\\nodejs\\node.exe","version":"v25.1.0","argv":["C:\\Program Files\\nodejs\\node.exe","C:\\Users\\ANTHONY WAI\\Desktop\\NileFlowBackend\\src\\index.js"],"memoryUsage":{"rss":156766208,"heapTotal":99663872,"heapUsed":64021624,"external":4089112,"arrayBuffers":412823}},"os":{"loadavg":[0,0,0],"uptime":32012.546},"trace":[{"column":15,"file":"node:internal/modules/cjs/loader","function":"Module._resolveFilename","line":1420,"method":"_resolveFilename","native":false},{"column":19,"file":"node:internal/modules/cjs/loader","function":"defaultResolveImpl","line":1058,"method":null,"native":false},{"column":22,"file":"node:internal/modules/cjs/loader","function":"resolveForCJSWithHooks","line":1063,"method":null,"native":false},{"column":37,"file":"node:internal/modules/cjs/loader","function":"Module._load","line":1226,"method":"_load","native":false},{"column":14,"file":"node:diagnostics_channel","function":"TracingChannel.traceSync","line":328,"method":"traceSync","native":false},{"column":24,"file":"node:internal/modules/cjs/loader","function":"wrapModuleLoad","line":245,"method":null,"native":false},{"column":12,"file":"node:internal/modules/cjs/loader","function":"Module.require","line":1503,"method":"require","native":false},{"column":16,"file":"node:internal/modules/helpers","function":"require","line":152,"method":null,"native":false},{"column":25,"file":"C:\\Users\\ANTHONY WAI\\Desktop\\NileFlowBackend\\middleware\\auth.middleware.js","function":null,"line":2,"method":null,"native":false},{"column":14,"file":"node:internal/modules/cjs/loader","function":"Module._compile","line":1760,"method":"_compile","native":false}],"service":"nile-mart-api","env":"development"}
[2025-12-05 20:05:24] ERROR: uncaughtException: Cannot find module '../services/appwrite.service'
Require stack:
- C:\Users\ANTHONY WAI\Desktop\NileFlowBackend\middleware\auth.middleware.js
- C:\Users\ANTHONY WAI\Desktop\NileFlowBackend\routes\authRoutes.js
- C:\Users\ANTHONY WAI\Desktop\NileFlowBackend\src\index.js
Error: Cannot find module '../services/appwrite.service'
Require stack:
- C:\Users\ANTHONY WAI\Desktop\NileFlowBackend\middleware\auth.middleware.js
- C:\Users\ANTHONY WAI\Desktop\NileFlowBackend\routes\authRoutes.js
- C:\Users\ANTHONY WAI\Desktop\NileFlowBackend\src\index.js
    at Module._resolveFilename (node:internal/modules/cjs/loader:1420:15)
    at defaultResolveImpl (node:internal/modules/cjs/loader:1058:19)
    at resolveForCJSWithHooks (node:internal/modules/cjs/loader:1063:22)
    at Module._load (node:internal/modules/cjs/loader:1226:37)
    at TracingChannel.traceSync (node:diagnostics_channel:328:14)
    at wrapModuleLoad (node:internal/modules/cjs/loader:245:24)
    at Module.require (node:internal/modules/cjs/loader:1503:12)
    at require (node:internal/modules/helpers:152:16)
    at Object.<anonymous> (C:\Users\ANTHONY WAI\Desktop\NileFlowBackend\middleware\auth.middleware.js:2:25)
    at Module._compile (node:internal/modules/cjs/loader:1760:14) {"error":{"code":"MODULE_NOT_FOUND","requireStack":["C:\\Users\\ANTHONY WAI\\Desktop\\NileFlowBackend\\middleware\\auth.middleware.js","C:\\Users\\ANTHONY WAI\\Desktop\\NileFlowBackend\\routes\\authRoutes.js","C:\\Users\\ANTHONY WAI\\Desktop\\NileFlowBackend\\src\\index.js"]},"stack":"Error: Cannot find module '../services/appwrite.service'\nRequire stack:\n- C:\\Users\\ANTHONY WAI\\Desktop\\NileFlowBackend\\middleware\\auth.middleware.js\n- C:\\Users\\ANTHONY WAI\\Desktop\\NileFlowBackend\\routes\\authRoutes.js\n- C:\\Users\\ANTHONY WAI\\Desktop\\NileFlowBackend\\src\\index.js\n    at Module._resolveFilename (node:internal/modules/cjs/loader:1420:15)\n    at defaultResolveImpl (node:internal/modules/cjs/loader:1058:19)\n    at resolveForCJSWithHooks (node:internal/modules/cjs/loader:1063:22)\n    at Module._load (node:internal/modules/cjs/loader:1226:37)\n    at TracingChannel.traceSync (node:diagnostics_channel:328:14)\n    at wrapModuleLoad (node:internal/modules/cjs/loader:245:24)\n    at Module.require (node:internal/modules/cjs/loader:1503:12)\n    at require (node:internal/modules/helpers:152:16)\n    at Object.<anonymous> (C:\\Users\\ANTHONY WAI\\Desktop\\NileFlowBackend\\middleware\\auth.middleware.js:2:25)\n    at Module._compile (node:internal/modules/cjs/loader:1760:14)","exception":true,"date":"Fri Dec 05 2025 20:05:24 GMT+0300 (East Africa Time)","process":{"pid":1112,"uid":null,"gid":null,"cwd":"C:\\Users\\ANTHONY WAI\\Desktop\\NileFlowBackend","execPath":"C:\\Program Files\\nodejs\\node.exe","version":"v25.1.0","argv":["C:\\Program Files\\nodejs\\node.exe","C:\\Users\\ANTHONY WAI\\Desktop\\NileFlowBackend\\src\\index.js"],"memoryUsage":{"rss":156647424,"heapTotal":99926016,"heapUsed":63243496,"external":4089112,"arrayBuffers":412823}},"os":{"loadavg":[0,0,0],"uptime":32050.312},"trace":[{"column":15,"file":"node:internal/modules/cjs/loader","function":"Module._resolveFilename","line":1420,"method":"_resolveFilename","native":false},{"column":19,"file":"node:internal/modules/cjs/loader","function":"defaultResolveImpl","line":1058,"method":null,"native":false},{"column":22,"file":"node:internal/modules/cjs/loader","function":"resolveForCJSWithHooks","line":1063,"method":null,"native":false},{"column":37,"file":"node:internal/modules/cjs/loader","function":"Module._load","line":1226,"method":"_load","native":false},{"column":14,"file":"node:diagnostics_channel","function":"TracingChannel.traceSync","line":328,"method":"traceSync","native":false},{"column":24,"file":"node:internal/modules/cjs/loader","function":"wrapModuleLoad","line":245,"method":null,"native":false},{"column":12,"file":"node:internal/modules/cjs/loader","function":"Module.require","line":1503,"method":"require","native":false},{"column":16,"file":"node:internal/modules/helpers","function":"require","line":152,"method":null,"native":false},{"column":25,"file":"C:\\Users\\ANTHONY WAI\\Desktop\\NileFlowBackend\\middleware\\auth.middleware.js","function":null,"line":2,"method":null,"native":false},{"column":14,"file":"node:internal/modules/cjs/loader","function":"Module._compile","line":1760,"method":"_compile","native":false}],"service":"nile-mart-api","env":"development"}
[2025-12-05 20:06:10] ERROR: uncaughtException: Cannot find module '../services/appwrite.service'
Require stack:
- C:\Users\ANTHONY WAI\Desktop\NileFlowBackend\middleware\auth.middleware.js
- C:\Users\ANTHONY WAI\Desktop\NileFlowBackend\routes\authRoutes.js
- C:\Users\ANTHONY WAI\Desktop\NileFlowBackend\src\index.js
Error: Cannot find module '../services/appwrite.service'
Require stack:
- C:\Users\ANTHONY WAI\Desktop\NileFlowBackend\middleware\auth.middleware.js
- C:\Users\ANTHONY WAI\Desktop\NileFlowBackend\routes\authRoutes.js
- C:\Users\ANTHONY WAI\Desktop\NileFlowBackend\src\index.js
    at Module._resolveFilename (node:internal/modules/cjs/loader:1420:15)
    at defaultResolveImpl (node:internal/modules/cjs/loader:1058:19)
    at resolveForCJSWithHooks (node:internal/modules/cjs/loader:1063:22)
    at Module._load (node:internal/modules/cjs/loader:1226:37)
    at TracingChannel.traceSync (node:diagnostics_channel:328:14)
    at wrapModuleLoad (node:internal/modules/cjs/loader:245:24)
    at Module.require (node:internal/modules/cjs/loader:1503:12)
    at require (node:internal/modules/helpers:152:16)
    at Object.<anonymous> (C:\Users\ANTHONY WAI\Desktop\NileFlowBackend\middleware\auth.middleware.js:2:25)
    at Module._compile (node:internal/modules/cjs/loader:1760:14) {"error":{"code":"MODULE_NOT_FOUND","requireStack":["C:\\Users\\ANTHONY WAI\\Desktop\\NileFlowBackend\\middleware\\auth.middleware.js","C:\\Users\\ANTHONY WAI\\Desktop\\NileFlowBackend\\routes\\authRoutes.js","C:\\Users\\ANTHONY WAI\\Desktop\\NileFlowBackend\\src\\index.js"]},"stack":"Error: Cannot find module '../services/appwrite.service'\nRequire stack:\n- C:\\Users\\ANTHONY WAI\\Desktop\\NileFlowBackend\\middleware\\auth.middleware.js\n- C:\\Users\\ANTHONY WAI\\Desktop\\NileFlowBackend\\routes\\authRoutes.js\n- C:\\Users\\ANTHONY WAI\\Desktop\\NileFlowBackend\\src\\index.js\n    at Module._resolveFilename (node:internal/modules/cjs/loader:1420:15)\n    at defaultResolveImpl (node:internal/modules/cjs/loader:1058:19)\n    at resolveForCJSWithHooks (node:internal/modules/cjs/loader:1063:22)\n    at Module._load (node:internal/modules/cjs/loader:1226:37)\n    at TracingChannel.traceSync (node:diagnostics_channel:328:14)\n    at wrapModuleLoad (node:internal/modules/cjs/loader:245:24)\n    at Module.require (node:internal/modules/cjs/loader:1503:12)\n    at require (node:internal/modules/helpers:152:16)\n    at Object.<anonymous> (C:\\Users\\ANTHONY WAI\\Desktop\\NileFlowBackend\\middleware\\auth.middleware.js:2:25)\n    at Module._compile (node:internal/modules/cjs/loader:1760:14)","exception":true,"date":"Fri Dec 05 2025 20:06:10 GMT+0300 (East Africa Time)","process":{"pid":17892,"uid":null,"gid":null,"cwd":"C:\\Users\\ANTHONY WAI\\Desktop\\NileFlowBackend","execPath":"C:\\Program Files\\nodejs\\node.exe","version":"v25.1.0","argv":["C:\\Program Files\\nodejs\\node.exe","C:\\Users\\ANTHONY WAI\\Desktop\\NileFlowBackend\\src\\index.js"],"memoryUsage":{"rss":156651520,"heapTotal":99926016,"heapUsed":64735776,"external":4089112,"arrayBuffers":412823}},"os":{"loadavg":[0,0,0],"uptime":32096.515},"trace":[{"column":15,"file":"node:internal/modules/cjs/loader","function":"Module._resolveFilename","line":1420,"method":"_resolveFilename","native":false},{"column":19,"file":"node:internal/modules/cjs/loader","function":"defaultResolveImpl","line":1058,"method":null,"native":false},{"column":22,"file":"node:internal/modules/cjs/loader","function":"resolveForCJSWithHooks","line":1063,"method":null,"native":false},{"column":37,"file":"node:internal/modules/cjs/loader","function":"Module._load","line":1226,"method":"_load","native":false},{"column":14,"file":"node:diagnostics_channel","function":"TracingChannel.traceSync","line":328,"method":"traceSync","native":false},{"column":24,"file":"node:internal/modules/cjs/loader","function":"wrapModuleLoad","line":245,"method":null,"native":false},{"column":12,"file":"node:internal/modules/cjs/loader","function":"Module.require","line":1503,"method":"require","native":false},{"column":16,"file":"node:internal/modules/helpers","function":"require","line":152,"method":null,"native":false},{"column":25,"file":"C:\\Users\\ANTHONY WAI\\Desktop\\NileFlowBackend\\middleware\\auth.middleware.js","function":null,"line":2,"method":null,"native":false},{"column":14,"file":"node:internal/modules/cjs/loader","function":"Module._compile","line":1760,"method":"_compile","native":false}],"service":"nile-mart-api","env":"development"}
[2025-12-05 20:06:37] ERROR: uncaughtException: Cannot find module '../services/appwrite.service'
Require stack:
- C:\Users\ANTHONY WAI\Desktop\NileFlowBackend\middleware\auth.middleware.js
- C:\Users\ANTHONY WAI\Desktop\NileFlowBackend\routes\authRoutes.js
- C:\Users\ANTHONY WAI\Desktop\NileFlowBackend\src\index.js
Error: Cannot find module '../services/appwrite.service'
Require stack:
- C:\Users\ANTHONY WAI\Desktop\NileFlowBackend\middleware\auth.middleware.js
- C:\Users\ANTHONY WAI\Desktop\NileFlowBackend\routes\authRoutes.js
- C:\Users\ANTHONY WAI\Desktop\NileFlowBackend\src\index.js
    at Module._resolveFilename (node:internal/modules/cjs/loader:1420:15)
    at defaultResolveImpl (node:internal/modules/cjs/loader:1058:19)
    at resolveForCJSWithHooks (node:internal/modules/cjs/loader:1063:22)
    at Module._load (node:internal/modules/cjs/loader:1226:37)
    at TracingChannel.traceSync (node:diagnostics_channel:328:14)
    at wrapModuleLoad (node:internal/modules/cjs/loader:245:24)
    at Module.require (node:internal/modules/cjs/loader:1503:12)
    at require (node:internal/modules/helpers:152:16)
    at Object.<anonymous> (C:\Users\ANTHONY WAI\Desktop\NileFlowBackend\middleware\auth.middleware.js:2:25)
    at Module._compile (node:internal/modules/cjs/loader:1760:14) {"error":{"code":"MODULE_NOT_FOUND","requireStack":["C:\\Users\\ANTHONY WAI\\Desktop\\NileFlowBackend\\middleware\\auth.middleware.js","C:\\Users\\ANTHONY WAI\\Desktop\\NileFlowBackend\\routes\\authRoutes.js","C:\\Users\\ANTHONY WAI\\Desktop\\NileFlowBackend\\src\\index.js"]},"stack":"Error: Cannot find module '../services/appwrite.service'\nRequire stack:\n- C:\\Users\\ANTHONY WAI\\Desktop\\NileFlowBackend\\middleware\\auth.middleware.js\n- C:\\Users\\ANTHONY WAI\\Desktop\\NileFlowBackend\\routes\\authRoutes.js\n- C:\\Users\\ANTHONY WAI\\Desktop\\NileFlowBackend\\src\\index.js\n    at Module._resolveFilename (node:internal/modules/cjs/loader:1420:15)\n    at defaultResolveImpl (node:internal/modules/cjs/loader:1058:19)\n    at resolveForCJSWithHooks (node:internal/modules/cjs/loader:1063:22)\n    at Module._load (node:internal/modules/cjs/loader:1226:37)\n    at TracingChannel.traceSync (node:diagnostics_channel:328:14)\n    at wrapModuleLoad (node:internal/modules/cjs/loader:245:24)\n    at Module.require (node:internal/modules/cjs/loader:1503:12)\n    at require (node:internal/modules/helpers:152:16)\n    at Object.<anonymous> (C:\\Users\\ANTHONY WAI\\Desktop\\NileFlowBackend\\middleware\\auth.middleware.js:2:25)\n    at Module._compile (node:internal/modules/cjs/loader:1760:14)","exception":true,"date":"Fri Dec 05 2025 20:06:37 GMT+0300 (East Africa Time)","process":{"pid":17972,"uid":null,"gid":null,"cwd":"C:\\Users\\ANTHONY WAI\\Desktop\\NileFlowBackend","execPath":"C:\\Program Files\\nodejs\\node.exe","version":"v25.1.0","argv":["C:\\Program Files\\nodejs\\node.exe","C:\\Users\\ANTHONY WAI\\Desktop\\NileFlowBackend\\src\\index.js"],"memoryUsage":{"rss":156553216,"heapTotal":99926016,"heapUsed":64060112,"external":4089112,"arrayBuffers":412823}},"os":{"loadavg":[0,0,0],"uptime":32123.078},"trace":[{"column":15,"file":"node:internal/modules/cjs/loader","function":"Module._resolveFilename","line":1420,"method":"_resolveFilename","native":false},{"column":19,"file":"node:internal/modules/cjs/loader","function":"defaultResolveImpl","line":1058,"method":null,"native":false},{"column":22,"file":"node:internal/modules/cjs/loader","function":"resolveForCJSWithHooks","line":1063,"method":null,"native":false},{"column":37,"file":"node:internal/modules/cjs/loader","function":"Module._load","line":1226,"method":"_load","native":false},{"column":14,"file":"node:diagnostics_channel","function":"TracingChannel.traceSync","line":328,"method":"traceSync","native":false},{"column":24,"file":"node:internal/modules/cjs/loader","function":"wrapModuleLoad","line":245,"method":null,"native":false},{"column":12,"file":"node:internal/modules/cjs/loader","function":"Module.require","line":1503,"method":"require","native":false},{"column":16,"file":"node:internal/modules/helpers","function":"require","line":152,"method":null,"native":false},{"column":25,"file":"C:\\Users\\ANTHONY WAI\\Desktop\\NileFlowBackend\\middleware\\auth.middleware.js","function":null,"line":2,"method":null,"native":false},{"column":14,"file":"node:internal/modules/cjs/loader","function":"Module._compile","line":1760,"method":"_compile","native":false}],"service":"nile-mart-api","env":"development"}
[2025-12-05 20:08:24] ERROR: uncaughtException: Cannot find module '../services/appwrite.service'
Require stack:
- C:\Users\ANTHONY WAI\Desktop\NileFlowBackend\middleware\auth.middleware.js
- C:\Users\ANTHONY WAI\Desktop\NileFlowBackend\routes\authRoutes.js
- C:\Users\ANTHONY WAI\Desktop\NileFlowBackend\src\index.js
Error: Cannot find module '../services/appwrite.service'
Require stack:
- C:\Users\ANTHONY WAI\Desktop\NileFlowBackend\middleware\auth.middleware.js
- C:\Users\ANTHONY WAI\Desktop\NileFlowBackend\routes\authRoutes.js
- C:\Users\ANTHONY WAI\Desktop\NileFlowBackend\src\index.js
    at Module._resolveFilename (node:internal/modules/cjs/loader:1420:15)
    at defaultResolveImpl (node:internal/modules/cjs/loader:1058:19)
    at resolveForCJSWithHooks (node:internal/modules/cjs/loader:1063:22)
    at Module._load (node:internal/modules/cjs/loader:1226:37)
    at TracingChannel.traceSync (node:diagnostics_channel:328:14)
    at wrapModuleLoad (node:internal/modules/cjs/loader:245:24)
    at Module.require (node:internal/modules/cjs/loader:1503:12)
    at require (node:internal/modules/helpers:152:16)
    at Object.<anonymous> (C:\Users\ANTHONY WAI\Desktop\NileFlowBackend\middleware\auth.middleware.js:2:25)
    at Module._compile (node:internal/modules/cjs/loader:1760:14) {"error":{"code":"MODULE_NOT_FOUND","requireStack":["C:\\Users\\ANTHONY WAI\\Desktop\\NileFlowBackend\\middleware\\auth.middleware.js","C:\\Users\\ANTHONY WAI\\Desktop\\NileFlowBackend\\routes\\authRoutes.js","C:\\Users\\ANTHONY WAI\\Desktop\\NileFlowBackend\\src\\index.js"]},"stack":"Error: Cannot find module '../services/appwrite.service'\nRequire stack:\n- C:\\Users\\ANTHONY WAI\\Desktop\\NileFlowBackend\\middleware\\auth.middleware.js\n- C:\\Users\\ANTHONY WAI\\Desktop\\NileFlowBackend\\routes\\authRoutes.js\n- C:\\Users\\ANTHONY WAI\\Desktop\\NileFlowBackend\\src\\index.js\n    at Module._resolveFilename (node:internal/modules/cjs/loader:1420:15)\n    at defaultResolveImpl (node:internal/modules/cjs/loader:1058:19)\n    at resolveForCJSWithHooks (node:internal/modules/cjs/loader:1063:22)\n    at Module._load (node:internal/modules/cjs/loader:1226:37)\n    at TracingChannel.traceSync (node:diagnostics_channel:328:14)\n    at wrapModuleLoad (node:internal/modules/cjs/loader:245:24)\n    at Module.require (node:internal/modules/cjs/loader:1503:12)\n    at require (node:internal/modules/helpers:152:16)\n    at Object.<anonymous> (C:\\Users\\ANTHONY WAI\\Desktop\\NileFlowBackend\\middleware\\auth.middleware.js:2:25)\n    at Module._compile (node:internal/modules/cjs/loader:1760:14)","exception":true,"date":"Fri Dec 05 2025 20:08:24 GMT+0300 (East Africa Time)","process":{"pid":20416,"uid":null,"gid":null,"cwd":"C:\\Users\\ANTHONY WAI\\Desktop\\NileFlowBackend","execPath":"C:\\Program Files\\nodejs\\node.exe","version":"v25.1.0","argv":["C:\\Program Files\\nodejs\\node.exe","C:\\Users\\ANTHONY WAI\\Desktop\\NileFlowBackend\\src\\index.js"],"memoryUsage":{"rss":156721152,"heapTotal":99401728,"heapUsed":63681992,"external":4089112,"arrayBuffers":412823}},"os":{"loadavg":[0,0,0],"uptime":32230.546},"trace":[{"column":15,"file":"node:internal/modules/cjs/loader","function":"Module._resolveFilename","line":1420,"method":"_resolveFilename","native":false},{"column":19,"file":"node:internal/modules/cjs/loader","function":"defaultResolveImpl","line":1058,"method":null,"native":false},{"column":22,"file":"node:internal/modules/cjs/loader","function":"resolveForCJSWithHooks","line":1063,"method":null,"native":false},{"column":37,"file":"node:internal/modules/cjs/loader","function":"Module._load","line":1226,"method":"_load","native":false},{"column":14,"file":"node:diagnostics_channel","function":"TracingChannel.traceSync","line":328,"method":"traceSync","native":false},{"column":24,"file":"node:internal/modules/cjs/loader","function":"wrapModuleLoad","line":245,"method":null,"native":false},{"column":12,"file":"node:internal/modules/cjs/loader","function":"Module.require","line":1503,"method":"require","native":false},{"column":16,"file":"node:internal/modules/helpers","function":"require","line":152,"method":null,"native":false},{"column":25,"file":"C:\\Users\\ANTHONY WAI\\Desktop\\NileFlowBackend\\middleware\\auth.middleware.js","function":null,"line":2,"method":null,"native":false},{"column":14,"file":"node:internal/modules/cjs/loader","function":"Module._compile","line":1760,"method":"_compile","native":false}],"service":"nile-mart-api","env":"development"}
[2025-12-05 20:08:58] ERROR: uncaughtException: Cannot find module '../services/appwrite.service'
Require stack:
- C:\Users\ANTHONY WAI\Desktop\NileFlowBackend\middleware\auth.middleware.js
- C:\Users\ANTHONY WAI\Desktop\NileFlowBackend\routes\authRoutes.js
- C:\Users\ANTHONY WAI\Desktop\NileFlowBackend\src\index.js
Error: Cannot find module '../services/appwrite.service'
Require stack:
- C:\Users\ANTHONY WAI\Desktop\NileFlowBackend\middleware\auth.middleware.js
- C:\Users\ANTHONY WAI\Desktop\NileFlowBackend\routes\authRoutes.js
- C:\Users\ANTHONY WAI\Desktop\NileFlowBackend\src\index.js
    at Module._resolveFilename (node:internal/modules/cjs/loader:1420:15)
    at defaultResolveImpl (node:internal/modules/cjs/loader:1058:19)
    at resolveForCJSWithHooks (node:internal/modules/cjs/loader:1063:22)
    at Module._load (node:internal/modules/cjs/loader:1226:37)
    at TracingChannel.traceSync (node:diagnostics_channel:328:14)
    at wrapModuleLoad (node:internal/modules/cjs/loader:245:24)
    at Module.require (node:internal/modules/cjs/loader:1503:12)
    at require (node:internal/modules/helpers:152:16)
    at Object.<anonymous> (C:\Users\ANTHONY WAI\Desktop\NileFlowBackend\middleware\auth.middleware.js:2:25)
    at Module._compile (node:internal/modules/cjs/loader:1760:14) {"error":{"code":"MODULE_NOT_FOUND","requireStack":["C:\\Users\\ANTHONY WAI\\Desktop\\NileFlowBackend\\middleware\\auth.middleware.js","C:\\Users\\ANTHONY WAI\\Desktop\\NileFlowBackend\\routes\\authRoutes.js","C:\\Users\\ANTHONY WAI\\Desktop\\NileFlowBackend\\src\\index.js"]},"stack":"Error: Cannot find module '../services/appwrite.service'\nRequire stack:\n- C:\\Users\\ANTHONY WAI\\Desktop\\NileFlowBackend\\middleware\\auth.middleware.js\n- C:\\Users\\ANTHONY WAI\\Desktop\\NileFlowBackend\\routes\\authRoutes.js\n- C:\\Users\\ANTHONY WAI\\Desktop\\NileFlowBackend\\src\\index.js\n    at Module._resolveFilename (node:internal/modules/cjs/loader:1420:15)\n    at defaultResolveImpl (node:internal/modules/cjs/loader:1058:19)\n    at resolveForCJSWithHooks (node:internal/modules/cjs/loader:1063:22)\n    at Module._load (node:internal/modules/cjs/loader:1226:37)\n    at TracingChannel.traceSync (node:diagnostics_channel:328:14)\n    at wrapModuleLoad (node:internal/modules/cjs/loader:245:24)\n    at Module.require (node:internal/modules/cjs/loader:1503:12)\n    at require (node:internal/modules/helpers:152:16)\n    at Object.<anonymous> (C:\\Users\\ANTHONY WAI\\Desktop\\NileFlowBackend\\middleware\\auth.middleware.js:2:25)\n    at Module._compile (node:internal/modules/cjs/loader:1760:14)","exception":true,"date":"Fri Dec 05 2025 20:08:58 GMT+0300 (East Africa Time)","process":{"pid":15976,"uid":null,"gid":null,"cwd":"C:\\Users\\ANTHONY WAI\\Desktop\\NileFlowBackend","execPath":"C:\\Program Files\\nodejs\\node.exe","version":"v25.1.0","argv":["C:\\Program Files\\nodejs\\node.exe","C:\\Users\\ANTHONY WAI\\Desktop\\NileFlowBackend\\src\\index.js"],"memoryUsage":{"rss":156688384,"heapTotal":99926016,"heapUsed":63645456,"external":4089112,"arrayBuffers":412823}},"os":{"loadavg":[0,0,0],"uptime":32264.062},"trace":[{"column":15,"file":"node:internal/modules/cjs/loader","function":"Module._resolveFilename","line":1420,"method":"_resolveFilename","native":false},{"column":19,"file":"node:internal/modules/cjs/loader","function":"defaultResolveImpl","line":1058,"method":null,"native":false},{"column":22,"file":"node:internal/modules/cjs/loader","function":"resolveForCJSWithHooks","line":1063,"method":null,"native":false},{"column":37,"file":"node:internal/modules/cjs/loader","function":"Module._load","line":1226,"method":"_load","native":false},{"column":14,"file":"node:diagnostics_channel","function":"TracingChannel.traceSync","line":328,"method":"traceSync","native":false},{"column":24,"file":"node:internal/modules/cjs/loader","function":"wrapModuleLoad","line":245,"method":null,"native":false},{"column":12,"file":"node:internal/modules/cjs/loader","function":"Module.require","line":1503,"method":"require","native":false},{"column":16,"file":"node:internal/modules/helpers","function":"require","line":152,"method":null,"native":false},{"column":25,"file":"C:\\Users\\ANTHONY WAI\\Desktop\\NileFlowBackend\\middleware\\auth.middleware.js","function":null,"line":2,"method":null,"native":false},{"column":14,"file":"node:internal/modules/cjs/loader","function":"Module._compile","line":1760,"method":"_compile","native":false}],"service":"nile-mart-api","env":"development"}
[2025-12-22 21:54:42] ERROR: uncaughtException: Cannot find module 'express-validator'
Require stack:
- C:\Users\ANTHONY WAI\Desktop\NileFlowBackend2\routes\subscriptionRoutes.js
- C:\Users\ANTHONY WAI\Desktop\NileFlowBackend2\src\index.js
Error: Cannot find module 'express-validator'
Require stack:
- C:\Users\ANTHONY WAI\Desktop\NileFlowBackend2\routes\subscriptionRoutes.js
- C:\Users\ANTHONY WAI\Desktop\NileFlowBackend2\src\index.js
    at Module._resolveFilename (node:internal/modules/cjs/loader:1420:15)
    at defaultResolveImpl (node:internal/modules/cjs/loader:1058:19)
    at resolveForCJSWithHooks (node:internal/modules/cjs/loader:1063:22)
    at Module._load (node:internal/modules/cjs/loader:1226:37)
    at TracingChannel.traceSync (node:diagnostics_channel:328:14)
    at wrapModuleLoad (node:internal/modules/cjs/loader:245:24)
    at Module.require (node:internal/modules/cjs/loader:1503:12)
    at require (node:internal/modules/helpers:152:16)
    at Object.<anonymous> (C:\Users\ANTHONY WAI\Desktop\NileFlowBackend2\routes\subscriptionRoutes.js:7:36)
    at Module._compile (node:internal/modules/cjs/loader:1760:14) {"error":{"code":"MODULE_NOT_FOUND","requireStack":["C:\\Users\\ANTHONY WAI\\Desktop\\NileFlowBackend2\\routes\\subscriptionRoutes.js","C:\\Users\\ANTHONY WAI\\Desktop\\NileFlowBackend2\\src\\index.js"]},"stack":"Error: Cannot find module 'express-validator'\nRequire stack:\n- C:\\Users\\ANTHONY WAI\\Desktop\\NileFlowBackend2\\routes\\subscriptionRoutes.js\n- C:\\Users\\ANTHONY WAI\\Desktop\\NileFlowBackend2\\src\\index.js\n    at Module._resolveFilename (node:internal/modules/cjs/loader:1420:15)\n    at defaultResolveImpl (node:internal/modules/cjs/loader:1058:19)\n    at resolveForCJSWithHooks (node:internal/modules/cjs/loader:1063:22)\n    at Module._load (node:internal/modules/cjs/loader:1226:37)\n    at TracingChannel.traceSync (node:diagnostics_channel:328:14)\n    at wrapModuleLoad (node:internal/modules/cjs/loader:245:24)\n    at Module.require (node:internal/modules/cjs/loader:1503:12)\n    at require (node:internal/modules/helpers:152:16)\n    at Object.<anonymous> (C:\\Users\\ANTHONY WAI\\Desktop\\NileFlowBackend2\\routes\\subscriptionRoutes.js:7:36)\n    at Module._compile (node:internal/modules/cjs/loader:1760:14)","exception":true,"date":"Mon Dec 22 2025 21:54:42 GMT+0300 (East Africa Time)","process":{"pid":20416,"uid":null,"gid":null,"cwd":"C:\\Users\\ANTHONY WAI\\Desktop\\NileFlowBackend2","execPath":"C:\\Program Files\\nodejs\\node.exe","version":"v25.1.0","argv":["C:\\Program Files\\nodejs\\node.exe","C:\\Users\\ANTHONY WAI\\Desktop\\NileFlowBackend2\\src\\index.js"],"memoryUsage":{"rss":92499968,"heapTotal":46743552,"heapUsed":36937232,"external":3810228,"arrayBuffers":79053}},"os":{"loadavg":[0,0,0],"uptime":80675.968},"trace":[{"column":15,"file":"node:internal/modules/cjs/loader","function":"Module._resolveFilename","line":1420,"method":"_resolveFilename","native":false},{"column":19,"file":"node:internal/modules/cjs/loader","function":"defaultResolveImpl","line":1058,"method":null,"native":false},{"column":22,"file":"node:internal/modules/cjs/loader","function":"resolveForCJSWithHooks","line":1063,"method":null,"native":false},{"column":37,"file":"node:internal/modules/cjs/loader","function":"Module._load","line":1226,"method":"_load","native":false},{"column":14,"file":"node:diagnostics_channel","function":"TracingChannel.traceSync","line":328,"method":"traceSync","native":false},{"column":24,"file":"node:internal/modules/cjs/loader","function":"wrapModuleLoad","line":245,"method":null,"native":false},{"column":12,"file":"node:internal/modules/cjs/loader","function":"Module.require","line":1503,"method":"require","native":false},{"column":16,"file":"node:internal/modules/helpers","function":"require","line":152,"method":null,"native":false},{"column":36,"file":"C:\\Users\\ANTHONY WAI\\Desktop\\NileFlowBackend2\\routes\\subscriptionRoutes.js","function":null,"line":7,"method":null,"native":false},{"column":14,"file":"node:internal/modules/cjs/loader","function":"Module._compile","line":1760,"method":"_compile","native":false}],"service":"nile-mart-api","env":"development"}
[2025-12-22 21:55:07] ERROR: uncaughtException: Cannot find module 'express-validator'
Require stack:
- C:\Users\ANTHONY WAI\Desktop\NileFlowBackend2\routes\subscriptionRoutes.js
- C:\Users\ANTHONY WAI\Desktop\NileFlowBackend2\src\index.js
Error: Cannot find module 'express-validator'
Require stack:
- C:\Users\ANTHONY WAI\Desktop\NileFlowBackend2\routes\subscriptionRoutes.js
- C:\Users\ANTHONY WAI\Desktop\NileFlowBackend2\src\index.js
    at Module._resolveFilename (node:internal/modules/cjs/loader:1420:15)
    at defaultResolveImpl (node:internal/modules/cjs/loader:1058:19)
    at resolveForCJSWithHooks (node:internal/modules/cjs/loader:1063:22)
    at Module._load (node:internal/modules/cjs/loader:1226:37)
    at TracingChannel.traceSync (node:diagnostics_channel:328:14)
    at wrapModuleLoad (node:internal/modules/cjs/loader:245:24)
    at Module.require (node:internal/modules/cjs/loader:1503:12)
    at require (node:internal/modules/helpers:152:16)
    at Object.<anonymous> (C:\Users\ANTHONY WAI\Desktop\NileFlowBackend2\routes\subscriptionRoutes.js:7:36)
    at Module._compile (node:internal/modules/cjs/loader:1760:14) {"error":{"code":"MODULE_NOT_FOUND","requireStack":["C:\\Users\\ANTHONY WAI\\Desktop\\NileFlowBackend2\\routes\\subscriptionRoutes.js","C:\\Users\\ANTHONY WAI\\Desktop\\NileFlowBackend2\\src\\index.js"]},"stack":"Error: Cannot find module 'express-validator'\nRequire stack:\n- C:\\Users\\ANTHONY WAI\\Desktop\\NileFlowBackend2\\routes\\subscriptionRoutes.js\n- C:\\Users\\ANTHONY WAI\\Desktop\\NileFlowBackend2\\src\\index.js\n    at Module._resolveFilename (node:internal/modules/cjs/loader:1420:15)\n    at defaultResolveImpl (node:internal/modules/cjs/loader:1058:19)\n    at resolveForCJSWithHooks (node:internal/modules/cjs/loader:1063:22)\n    at Module._load (node:internal/modules/cjs/loader:1226:37)\n    at TracingChannel.traceSync (node:diagnostics_channel:328:14)\n    at wrapModuleLoad (node:internal/modules/cjs/loader:245:24)\n    at Module.require (node:internal/modules/cjs/loader:1503:12)\n    at require (node:internal/modules/helpers:152:16)\n    at Object.<anonymous> (C:\\Users\\ANTHONY WAI\\Desktop\\NileFlowBackend2\\routes\\subscriptionRoutes.js:7:36)\n    at Module._compile (node:internal/modules/cjs/loader:1760:14)","exception":true,"date":"Mon Dec 22 2025 21:55:07 GMT+0300 (East Africa Time)","process":{"pid":21212,"uid":null,"gid":null,"cwd":"C:\\Users\\ANTHONY WAI\\Desktop\\NileFlowBackend2","execPath":"C:\\Program Files\\nodejs\\node.exe","version":"v25.1.0","argv":["C:\\Program Files\\nodejs\\node.exe","C:\\Users\\ANTHONY WAI\\Desktop\\NileFlowBackend2\\src\\index.js"],"memoryUsage":{"rss":95526912,"heapTotal":49627136,"heapUsed":39789944,"external":3810228,"arrayBuffers":79053}},"os":{"loadavg":[0,0,0],"uptime":80700.984},"trace":[{"column":15,"file":"node:internal/modules/cjs/loader","function":"Module._resolveFilename","line":1420,"method":"_resolveFilename","native":false},{"column":19,"file":"node:internal/modules/cjs/loader","function":"defaultResolveImpl","line":1058,"method":null,"native":false},{"column":22,"file":"node:internal/modules/cjs/loader","function":"resolveForCJSWithHooks","line":1063,"method":null,"native":false},{"column":37,"file":"node:internal/modules/cjs/loader","function":"Module._load","line":1226,"method":"_load","native":false},{"column":14,"file":"node:diagnostics_channel","function":"TracingChannel.traceSync","line":328,"method":"traceSync","native":false},{"column":24,"file":"node:internal/modules/cjs/loader","function":"wrapModuleLoad","line":245,"method":null,"native":false},{"column":12,"file":"node:internal/modules/cjs/loader","function":"Module.require","line":1503,"method":"require","native":false},{"column":16,"file":"node:internal/modules/helpers","function":"require","line":152,"method":null,"native":false},{"column":36,"file":"C:\\Users\\ANTHONY WAI\\Desktop\\NileFlowBackend2\\routes\\subscriptionRoutes.js","function":null,"line":7,"method":null,"native":false},{"column":14,"file":"node:internal/modules/cjs/loader","function":"Module._compile","line":1760,"method":"_compile","native":false}],"service":"nile-mart-api","env":"development"}
[2025-12-26 00:07:25] ERROR: uncaughtException: Cannot find module 'appwrite'
Require stack:
- C:\Users\ANTHONY WAI\Desktop\NileFlowBackend2\services\premiumOrderTrackingService.js
- C:\Users\ANTHONY WAI\Desktop\NileFlowBackend2\controllers\AdminControllers\PaymentController.js
- C:\Users\ANTHONY WAI\Desktop\NileFlowBackend2\routes\paymentrouter.js
- C:\Users\ANTHONY WAI\Desktop\NileFlowBackend2\src\index.js
Error: Cannot find module 'appwrite'
Require stack:
- C:\Users\ANTHONY WAI\Desktop\NileFlowBackend2\services\premiumOrderTrackingService.js
- C:\Users\ANTHONY WAI\Desktop\NileFlowBackend2\controllers\AdminControllers\PaymentController.js
- C:\Users\ANTHONY WAI\Desktop\NileFlowBackend2\routes\paymentrouter.js
- C:\Users\ANTHONY WAI\Desktop\NileFlowBackend2\src\index.js
    at Module._resolveFilename (node:internal/modules/cjs/loader:1420:15)
    at defaultResolveImpl (node:internal/modules/cjs/loader:1058:19)
    at resolveForCJSWithHooks (node:internal/modules/cjs/loader:1063:22)
    at Module._load (node:internal/modules/cjs/loader:1226:37)
    at TracingChannel.traceSync (node:diagnostics_channel:328:14)
    at wrapModuleLoad (node:internal/modules/cjs/loader:245:24)
    at Module.require (node:internal/modules/cjs/loader:1503:12)
    at require (node:internal/modules/helpers:152:16)
    at Object.<anonymous> (C:\Users\ANTHONY WAI\Desktop\NileFlowBackend2\services\premiumOrderTrackingService.js:2:19)
    at Module._compile (node:internal/modules/cjs/loader:1760:14) {"error":{"code":"MODULE_NOT_FOUND","requireStack":["C:\\Users\\ANTHONY WAI\\Desktop\\NileFlowBackend2\\services\\premiumOrderTrackingService.js","C:\\Users\\ANTHONY WAI\\Desktop\\NileFlowBackend2\\controllers\\AdminControllers\\PaymentController.js","C:\\Users\\ANTHONY WAI\\Desktop\\NileFlowBackend2\\routes\\paymentrouter.js","C:\\Users\\ANTHONY WAI\\Desktop\\NileFlowBackend2\\src\\index.js"]},"stack":"Error: Cannot find module 'appwrite'\nRequire stack:\n- C:\\Users\\ANTHONY WAI\\Desktop\\NileFlowBackend2\\services\\premiumOrderTrackingService.js\n- C:\\Users\\ANTHONY WAI\\Desktop\\NileFlowBackend2\\controllers\\AdminControllers\\PaymentController.js\n- C:\\Users\\ANTHONY WAI\\Desktop\\NileFlowBackend2\\routes\\paymentrouter.js\n- C:\\Users\\ANTHONY WAI\\Desktop\\NileFlowBackend2\\src\\index.js\n    at Module._resolveFilename (node:internal/modules/cjs/loader:1420:15)\n    at defaultResolveImpl (node:internal/modules/cjs/loader:1058:19)\n    at resolveForCJSWithHooks (node:internal/modules/cjs/loader:1063:22)\n    at Module._load (node:internal/modules/cjs/loader:1226:37)\n    at TracingChannel.traceSync (node:diagnostics_channel:328:14)\n    at wrapModuleLoad (node:internal/modules/cjs/loader:245:24)\n    at Module.require (node:internal/modules/cjs/loader:1503:12)\n    at require (node:internal/modules/helpers:152:16)\n    at Object.<anonymous> (C:\\Users\\ANTHONY WAI\\Desktop\\NileFlowBackend2\\services\\premiumOrderTrackingService.js:2:19)\n    at Module._compile (node:internal/modules/cjs/loader:1760:14)","exception":true,"date":"Fri Dec 26 2025 00:07:25 GMT+0300 (East Africa Time)","process":{"pid":14912,"uid":null,"gid":null,"cwd":"C:\\Users\\ANTHONY WAI\\Desktop\\NileFlowBackend2","execPath":"C:\\Program Files\\nodejs\\node.exe","version":"v25.1.0","argv":["C:\\Program Files\\nodejs\\node.exe","C:\\Users\\ANTHONY WAI\\Desktop\\NileFlowBackend2\\src\\index.js"],"memoryUsage":{"rss":78446592,"heapTotal":37904384,"heapUsed":24336184,"external":3751738,"arrayBuffers":75449}},"os":{"loadavg":[0,0,0],"uptime":265855.89},"trace":[{"column":15,"file":"node:internal/modules/cjs/loader","function":"Module._resolveFilename","line":1420,"method":"_resolveFilename","native":false},{"column":19,"file":"node:internal/modules/cjs/loader","function":"defaultResolveImpl","line":1058,"method":null,"native":false},{"column":22,"file":"node:internal/modules/cjs/loader","function":"resolveForCJSWithHooks","line":1063,"method":null,"native":false},{"column":37,"file":"node:internal/modules/cjs/loader","function":"Module._load","line":1226,"method":"_load","native":false},{"column":14,"file":"node:diagnostics_channel","function":"TracingChannel.traceSync","line":328,"method":"traceSync","native":false},{"column":24,"file":"node:internal/modules/cjs/loader","function":"wrapModuleLoad","line":245,"method":null,"native":false},{"column":12,"file":"node:internal/modules/cjs/loader","function":"Module.require","line":1503,"method":"require","native":false},{"column":16,"file":"node:internal/modules/helpers","function":"require","line":152,"method":null,"native":false},{"column":19,"file":"C:\\Users\\ANTHONY WAI\\Desktop\\NileFlowBackend2\\services\\premiumOrderTrackingService.js","function":null,"line":2,"method":null,"native":false},{"column":14,"file":"node:internal/modules/cjs/loader","function":"Module._compile","line":1760,"method":"_compile","native":false}],"service":"nile-mart-api","env":"development"}
[2025-12-26 00:07:40] ERROR: uncaughtException: Cannot find module 'appwrite'
Require stack:
- C:\Users\ANTHONY WAI\Desktop\NileFlowBackend2\services\premiumOrderTrackingService.js
- C:\Users\ANTHONY WAI\Desktop\NileFlowBackend2\controllers\AdminControllers\PaymentController.js
- C:\Users\ANTHONY WAI\Desktop\NileFlowBackend2\routes\paymentrouter.js
- C:\Users\ANTHONY WAI\Desktop\NileFlowBackend2\src\index.js
Error: Cannot find module 'appwrite'
Require stack:
- C:\Users\ANTHONY WAI\Desktop\NileFlowBackend2\services\premiumOrderTrackingService.js
- C:\Users\ANTHONY WAI\Desktop\NileFlowBackend2\controllers\AdminControllers\PaymentController.js
- C:\Users\ANTHONY WAI\Desktop\NileFlowBackend2\routes\paymentrouter.js
- C:\Users\ANTHONY WAI\Desktop\NileFlowBackend2\src\index.js
    at Module._resolveFilename (node:internal/modules/cjs/loader:1420:15)
    at defaultResolveImpl (node:internal/modules/cjs/loader:1058:19)
    at resolveForCJSWithHooks (node:internal/modules/cjs/loader:1063:22)
    at Module._load (node:internal/modules/cjs/loader:1226:37)
    at TracingChannel.traceSync (node:diagnostics_channel:328:14)
    at wrapModuleLoad (node:internal/modules/cjs/loader:245:24)
    at Module.require (node:internal/modules/cjs/loader:1503:12)
    at require (node:internal/modules/helpers:152:16)
    at Object.<anonymous> (C:\Users\ANTHONY WAI\Desktop\NileFlowBackend2\services\premiumOrderTrackingService.js:2:19)
    at Module._compile (node:internal/modules/cjs/loader:1760:14) {"error":{"code":"MODULE_NOT_FOUND","requireStack":["C:\\Users\\ANTHONY WAI\\Desktop\\NileFlowBackend2\\services\\premiumOrderTrackingService.js","C:\\Users\\ANTHONY WAI\\Desktop\\NileFlowBackend2\\controllers\\AdminControllers\\PaymentController.js","C:\\Users\\ANTHONY WAI\\Desktop\\NileFlowBackend2\\routes\\paymentrouter.js","C:\\Users\\ANTHONY WAI\\Desktop\\NileFlowBackend2\\src\\index.js"]},"stack":"Error: Cannot find module 'appwrite'\nRequire stack:\n- C:\\Users\\ANTHONY WAI\\Desktop\\NileFlowBackend2\\services\\premiumOrderTrackingService.js\n- C:\\Users\\ANTHONY WAI\\Desktop\\NileFlowBackend2\\controllers\\AdminControllers\\PaymentController.js\n- C:\\Users\\ANTHONY WAI\\Desktop\\NileFlowBackend2\\routes\\paymentrouter.js\n- C:\\Users\\ANTHONY WAI\\Desktop\\NileFlowBackend2\\src\\index.js\n    at Module._resolveFilename (node:internal/modules/cjs/loader:1420:15)\n    at defaultResolveImpl (node:internal/modules/cjs/loader:1058:19)\n    at resolveForCJSWithHooks (node:internal/modules/cjs/loader:1063:22)\n    at Module._load (node:internal/modules/cjs/loader:1226:37)\n    at TracingChannel.traceSync (node:diagnostics_channel:328:14)\n    at wrapModuleLoad (node:internal/modules/cjs/loader:245:24)\n    at Module.require (node:internal/modules/cjs/loader:1503:12)\n    at require (node:internal/modules/helpers:152:16)\n    at Object.<anonymous> (C:\\Users\\ANTHONY WAI\\Desktop\\NileFlowBackend2\\services\\premiumOrderTrackingService.js:2:19)\n    at Module._compile (node:internal/modules/cjs/loader:1760:14)","exception":true,"date":"Fri Dec 26 2025 00:07:40 GMT+0300 (East Africa Time)","process":{"pid":23924,"uid":null,"gid":null,"cwd":"C:\\Users\\ANTHONY WAI\\Desktop\\NileFlowBackend2","execPath":"C:\\Program Files\\nodejs\\node.exe","version":"v25.1.0","argv":["C:\\Program Files\\nodejs\\node.exe","C:\\Users\\ANTHONY WAI\\Desktop\\NileFlowBackend2\\src\\index.js"],"memoryUsage":{"rss":79458304,"heapTotal":37904384,"heapUsed":24307280,"external":3751738,"arrayBuffers":75449}},"os":{"loadavg":[0,0,0],"uptime":265869.984},"trace":[{"column":15,"file":"node:internal/modules/cjs/loader","function":"Module._resolveFilename","line":1420,"method":"_resolveFilename","native":false},{"column":19,"file":"node:internal/modules/cjs/loader","function":"defaultResolveImpl","line":1058,"method":null,"native":false},{"column":22,"file":"node:internal/modules/cjs/loader","function":"resolveForCJSWithHooks","line":1063,"method":null,"native":false},{"column":37,"file":"node:internal/modules/cjs/loader","function":"Module._load","line":1226,"method":"_load","native":false},{"column":14,"file":"node:diagnostics_channel","function":"TracingChannel.traceSync","line":328,"method":"traceSync","native":false},{"column":24,"file":"node:internal/modules/cjs/loader","function":"wrapModuleLoad","line":245,"method":null,"native":false},{"column":12,"file":"node:internal/modules/cjs/loader","function":"Module.require","line":1503,"method":"require","native":false},{"column":16,"file":"node:internal/modules/helpers","function":"require","line":152,"method":null,"native":false},{"column":19,"file":"C:\\Users\\ANTHONY WAI\\Desktop\\NileFlowBackend2\\services\\premiumOrderTrackingService.js","function":null,"line":2,"method":null,"native":false},{"column":14,"file":"node:internal/modules/cjs/loader","function":"Module._compile","line":1760,"method":"_compile","native":false}],"service":"nile-mart-api","env":"development"}
[2025-12-26 00:08:10] ERROR: uncaughtException: Identifier 'cart' has already been declared
C:\Users\ANTHONY WAI\Desktop\NileFlowBackend2\controllers\AdminControllers\PaymentController.js:1083
      const cart = JSON.parse(order.items || "[]");
            ^

SyntaxError: Identifier 'cart' has already been declared
    at wrapSafe (node:internal/modules/cjs/loader:1691:18)
    at Module._compile (node:internal/modules/cjs/loader:1734:20)
    at Object..js (node:internal/modules/cjs/loader:1892:10)
    at Module.load (node:internal/modules/cjs/loader:1480:32)
    at Module._load (node:internal/modules/cjs/loader:1299:12)
    at TracingChannel.traceSync (node:diagnostics_channel:328:14)
    at wrapModuleLoad (node:internal/modules/cjs/loader:245:24)
    at Module.require (node:internal/modules/cjs/loader:1503:12)
    at require (node:internal/modules/helpers:152:16)
    at Object.<anonymous> (C:\Users\ANTHONY WAI\Desktop\NileFlowBackend2\routes\paymentrouter.js:28:5) {"error":{},"stack":"C:\\Users\\ANTHONY WAI\\Desktop\\NileFlowBackend2\\controllers\\AdminControllers\\PaymentController.js:1083\n      const cart = JSON.parse(order.items || \"[]\");\n            ^\n\nSyntaxError: Identifier 'cart' has already been declared\n    at wrapSafe (node:internal/modules/cjs/loader:1691:18)\n    at Module._compile (node:internal/modules/cjs/loader:1734:20)\n    at Object..js (node:internal/modules/cjs/loader:1892:10)\n    at Module.load (node:internal/modules/cjs/loader:1480:32)\n    at Module._load (node:internal/modules/cjs/loader:1299:12)\n    at TracingChannel.traceSync (node:diagnostics_channel:328:14)\n    at wrapModuleLoad (node:internal/modules/cjs/loader:245:24)\n    at Module.require (node:internal/modules/cjs/loader:1503:12)\n    at require (node:internal/modules/helpers:152:16)\n    at Object.<anonymous> (C:\\Users\\ANTHONY WAI\\Desktop\\NileFlowBackend2\\routes\\paymentrouter.js:28:5)","exception":true,"date":"Fri Dec 26 2025 00:08:10 GMT+0300 (East Africa Time)","process":{"pid":20244,"uid":null,"gid":null,"cwd":"C:\\Users\\ANTHONY WAI\\Desktop\\NileFlowBackend2","execPath":"C:\\Program Files\\nodejs\\node.exe","version":"v25.1.0","argv":["C:\\Program Files\\nodejs\\node.exe","C:\\Users\\ANTHONY WAI\\Desktop\\NileFlowBackend2\\src\\index.js"],"memoryUsage":{"rss":81448960,"heapTotal":37904384,"heapUsed":22914440,"external":3751738,"arrayBuffers":75449}},"os":{"loadavg":[0,0,0],"uptime":265900.437},"trace":[{"column":18,"file":"node:internal/modules/cjs/loader","function":"wrapSafe","line":1691,"method":null,"native":false},{"column":20,"file":"node:internal/modules/cjs/loader","function":"Module._compile","line":1734,"method":"_compile","native":false},{"column":10,"file":"node:internal/modules/cjs/loader","function":"Object..js","line":1892,"method":".js","native":false},{"column":32,"file":"node:internal/modules/cjs/loader","function":"Module.load","line":1480,"method":"load","native":false},{"column":12,"file":"node:internal/modules/cjs/loader","function":"Module._load","line":1299,"method":"_load","native":false},{"column":14,"file":"node:diagnostics_channel","function":"TracingChannel.traceSync","line":328,"method":"traceSync","native":false},{"column":24,"file":"node:internal/modules/cjs/loader","function":"wrapModuleLoad","line":245,"method":null,"native":false},{"column":12,"file":"node:internal/modules/cjs/loader","function":"Module.require","line":1503,"method":"require","native":false},{"column":16,"file":"node:internal/modules/helpers","function":"require","line":152,"method":null,"native":false},{"column":5,"file":"C:\\Users\\ANTHONY WAI\\Desktop\\NileFlowBackend2\\routes\\paymentrouter.js","function":null,"line":28,"method":null,"native":false}],"service":"nile-mart-api","env":"development"}
[2025-12-26 00:08:55] ERROR: uncaughtException: Identifier 'cart' has already been declared
C:\Users\ANTHONY WAI\Desktop\NileFlowBackend2\controllers\AdminControllers\PaymentController.js:1106
      const cart = JSON.parse(order.items || "[]");
            ^

SyntaxError: Identifier 'cart' has already been declared
    at wrapSafe (node:internal/modules/cjs/loader:1691:18)
    at Module._compile (node:internal/modules/cjs/loader:1734:20)
    at Object..js (node:internal/modules/cjs/loader:1892:10)
    at Module.load (node:internal/modules/cjs/loader:1480:32)
    at Module._load (node:internal/modules/cjs/loader:1299:12)
    at TracingChannel.traceSync (node:diagnostics_channel:328:14)
    at wrapModuleLoad (node:internal/modules/cjs/loader:245:24)
    at Module.require (node:internal/modules/cjs/loader:1503:12)
    at require (node:internal/modules/helpers:152:16)
    at Object.<anonymous> (C:\Users\ANTHONY WAI\Desktop\NileFlowBackend2\routes\paymentrouter.js:28:5) {"error":{},"stack":"C:\\Users\\ANTHONY WAI\\Desktop\\NileFlowBackend2\\controllers\\AdminControllers\\PaymentController.js:1106\n      const cart = JSON.parse(order.items || \"[]\");\n            ^\n\nSyntaxError: Identifier 'cart' has already been declared\n    at wrapSafe (node:internal/modules/cjs/loader:1691:18)\n    at Module._compile (node:internal/modules/cjs/loader:1734:20)\n    at Object..js (node:internal/modules/cjs/loader:1892:10)\n    at Module.load (node:internal/modules/cjs/loader:1480:32)\n    at Module._load (node:internal/modules/cjs/loader:1299:12)\n    at TracingChannel.traceSync (node:diagnostics_channel:328:14)\n    at wrapModuleLoad (node:internal/modules/cjs/loader:245:24)\n    at Module.require (node:internal/modules/cjs/loader:1503:12)\n    at require (node:internal/modules/helpers:152:16)\n    at Object.<anonymous> (C:\\Users\\ANTHONY WAI\\Desktop\\NileFlowBackend2\\routes\\paymentrouter.js:28:5)","exception":true,"date":"Fri Dec 26 2025 00:08:55 GMT+0300 (East Africa Time)","process":{"pid":7532,"uid":null,"gid":null,"cwd":"C:\\Users\\ANTHONY WAI\\Desktop\\NileFlowBackend2","execPath":"C:\\Program Files\\nodejs\\node.exe","version":"v25.1.0","argv":["C:\\Program Files\\nodejs\\node.exe","C:\\Users\\ANTHONY WAI\\Desktop\\NileFlowBackend2\\src\\index.js"],"memoryUsage":{"rss":81321984,"heapTotal":38166528,"heapUsed":22573520,"external":3751738,"arrayBuffers":75449}},"os":{"loadavg":[0,0,0],"uptime":265944.953},"trace":[{"column":18,"file":"node:internal/modules/cjs/loader","function":"wrapSafe","line":1691,"method":null,"native":false},{"column":20,"file":"node:internal/modules/cjs/loader","function":"Module._compile","line":1734,"method":"_compile","native":false},{"column":10,"file":"node:internal/modules/cjs/loader","function":"Object..js","line":1892,"method":".js","native":false},{"column":32,"file":"node:internal/modules/cjs/loader","function":"Module.load","line":1480,"method":"load","native":false},{"column":12,"file":"node:internal/modules/cjs/loader","function":"Module._load","line":1299,"method":"_load","native":false},{"column":14,"file":"node:diagnostics_channel","function":"TracingChannel.traceSync","line":328,"method":"traceSync","native":false},{"column":24,"file":"node:internal/modules/cjs/loader","function":"wrapModuleLoad","line":245,"method":null,"native":false},{"column":12,"file":"node:internal/modules/cjs/loader","function":"Module.require","line":1503,"method":"require","native":false},{"column":16,"file":"node:internal/modules/helpers","function":"require","line":152,"method":null,"native":false},{"column":5,"file":"C:\\Users\\ANTHONY WAI\\Desktop\\NileFlowBackend2\\routes\\paymentrouter.js","function":null,"line":28,"method":null,"native":false}],"service":"nile-mart-api","env":"development"}
[2025-12-26 00:09:06] ERROR: uncaughtException: Identifier 'cart' has already been declared
C:\Users\ANTHONY WAI\Desktop\NileFlowBackend2\controllers\AdminControllers\PaymentController.js:1106
      const cart = JSON.parse(order.items || "[]");
            ^

SyntaxError: Identifier 'cart' has already been declared
    at wrapSafe (node:internal/modules/cjs/loader:1691:18)
    at Module._compile (node:internal/modules/cjs/loader:1734:20)
    at Object..js (node:internal/modules/cjs/loader:1892:10)
    at Module.load (node:internal/modules/cjs/loader:1480:32)
    at Module._load (node:internal/modules/cjs/loader:1299:12)
    at TracingChannel.traceSync (node:diagnostics_channel:328:14)
    at wrapModuleLoad (node:internal/modules/cjs/loader:245:24)
    at Module.require (node:internal/modules/cjs/loader:1503:12)
    at require (node:internal/modules/helpers:152:16)
    at Object.<anonymous> (C:\Users\ANTHONY WAI\Desktop\NileFlowBackend2\routes\paymentrouter.js:28:5) {"error":{},"stack":"C:\\Users\\ANTHONY WAI\\Desktop\\NileFlowBackend2\\controllers\\AdminControllers\\PaymentController.js:1106\n      const cart = JSON.parse(order.items || \"[]\");\n            ^\n\nSyntaxError: Identifier 'cart' has already been declared\n    at wrapSafe (node:internal/modules/cjs/loader:1691:18)\n    at Module._compile (node:internal/modules/cjs/loader:1734:20)\n    at Object..js (node:internal/modules/cjs/loader:1892:10)\n    at Module.load (node:internal/modules/cjs/loader:1480:32)\n    at Module._load (node:internal/modules/cjs/loader:1299:12)\n    at TracingChannel.traceSync (node:diagnostics_channel:328:14)\n    at wrapModuleLoad (node:internal/modules/cjs/loader:245:24)\n    at Module.require (node:internal/modules/cjs/loader:1503:12)\n    at require (node:internal/modules/helpers:152:16)\n    at Object.<anonymous> (C:\\Users\\ANTHONY WAI\\Desktop\\NileFlowBackend2\\routes\\paymentrouter.js:28:5)","exception":true,"date":"Fri Dec 26 2025 00:09:06 GMT+0300 (East Africa Time)","process":{"pid":10088,"uid":null,"gid":null,"cwd":"C:\\Users\\ANTHONY WAI\\Desktop\\NileFlowBackend2","execPath":"C:\\Program Files\\nodejs\\node.exe","version":"v25.1.0","argv":["C:\\Program Files\\nodejs\\node.exe","C:\\Users\\ANTHONY WAI\\Desktop\\NileFlowBackend2\\src\\index.js"],"memoryUsage":{"rss":81076224,"heapTotal":38166528,"heapUsed":22356576,"external":3751738,"arrayBuffers":75449}},"os":{"loadavg":[0,0,0],"uptime":265956.14},"trace":[{"column":18,"file":"node:internal/modules/cjs/loader","function":"wrapSafe","line":1691,"method":null,"native":false},{"column":20,"file":"node:internal/modules/cjs/loader","function":"Module._compile","line":1734,"method":"_compile","native":false},{"column":10,"file":"node:internal/modules/cjs/loader","function":"Object..js","line":1892,"method":".js","native":false},{"column":32,"file":"node:internal/modules/cjs/loader","function":"Module.load","line":1480,"method":"load","native":false},{"column":12,"file":"node:internal/modules/cjs/loader","function":"Module._load","line":1299,"method":"_load","native":false},{"column":14,"file":"node:diagnostics_channel","function":"TracingChannel.traceSync","line":328,"method":"traceSync","native":false},{"column":24,"file":"node:internal/modules/cjs/loader","function":"wrapModuleLoad","line":245,"method":null,"native":false},{"column":12,"file":"node:internal/modules/cjs/loader","function":"Module.require","line":1503,"method":"require","native":false},{"column":16,"file":"node:internal/modules/helpers","function":"require","line":152,"method":null,"native":false},{"column":5,"file":"C:\\Users\\ANTHONY WAI\\Desktop\\NileFlowBackend2\\routes\\paymentrouter.js","function":null,"line":28,"method":null,"native":false}],"service":"nile-mart-api","env":"development"}
[2025-12-26 00:09:42] ERROR: uncaughtException: Identifier 'cart' has already been declared
C:\Users\ANTHONY WAI\Desktop\NileFlowBackend2\controllers\AdminControllers\PaymentController.js:1106
      const cart = JSON.parse(order.items || "[]");
            ^

SyntaxError: Identifier 'cart' has already been declared
    at wrapSafe (node:internal/modules/cjs/loader:1691:18)
    at Module._compile (node:internal/modules/cjs/loader:1734:20)
    at Object..js (node:internal/modules/cjs/loader:1892:10)
    at Module.load (node:internal/modules/cjs/loader:1480:32)
    at Module._load (node:internal/modules/cjs/loader:1299:12)
    at TracingChannel.traceSync (node:diagnostics_channel:328:14)
    at wrapModuleLoad (node:internal/modules/cjs/loader:245:24)
    at Module.require (node:internal/modules/cjs/loader:1503:12)
    at require (node:internal/modules/helpers:152:16)
    at Object.<anonymous> (C:\Users\ANTHONY WAI\Desktop\NileFlowBackend2\routes\paymentrouter.js:28:5) {"error":{},"stack":"C:\\Users\\ANTHONY WAI\\Desktop\\NileFlowBackend2\\controllers\\AdminControllers\\PaymentController.js:1106\n      const cart = JSON.parse(order.items || \"[]\");\n            ^\n\nSyntaxError: Identifier 'cart' has already been declared\n    at wrapSafe (node:internal/modules/cjs/loader:1691:18)\n    at Module._compile (node:internal/modules/cjs/loader:1734:20)\n    at Object..js (node:internal/modules/cjs/loader:1892:10)\n    at Module.load (node:internal/modules/cjs/loader:1480:32)\n    at Module._load (node:internal/modules/cjs/loader:1299:12)\n    at TracingChannel.traceSync (node:diagnostics_channel:328:14)\n    at wrapModuleLoad (node:internal/modules/cjs/loader:245:24)\n    at Module.require (node:internal/modules/cjs/loader:1503:12)\n    at require (node:internal/modules/helpers:152:16)\n    at Object.<anonymous> (C:\\Users\\ANTHONY WAI\\Desktop\\NileFlowBackend2\\routes\\paymentrouter.js:28:5)","exception":true,"date":"Fri Dec 26 2025 00:09:42 GMT+0300 (East Africa Time)","process":{"pid":20576,"uid":null,"gid":null,"cwd":"C:\\Users\\ANTHONY WAI\\Desktop\\NileFlowBackend2","execPath":"C:\\Program Files\\nodejs\\node.exe","version":"v25.1.0","argv":["C:\\Program Files\\nodejs\\node.exe","C:\\Users\\ANTHONY WAI\\Desktop\\NileFlowBackend2\\src\\index.js"],"memoryUsage":{"rss":81117184,"heapTotal":37904384,"heapUsed":22834280,"external":3751738,"arrayBuffers":75449}},"os":{"loadavg":[0,0,0],"uptime":265992.531},"trace":[{"column":18,"file":"node:internal/modules/cjs/loader","function":"wrapSafe","line":1691,"method":null,"native":false},{"column":20,"file":"node:internal/modules/cjs/loader","function":"Module._compile","line":1734,"method":"_compile","native":false},{"column":10,"file":"node:internal/modules/cjs/loader","function":"Object..js","line":1892,"method":".js","native":false},{"column":32,"file":"node:internal/modules/cjs/loader","function":"Module.load","line":1480,"method":"load","native":false},{"column":12,"file":"node:internal/modules/cjs/loader","function":"Module._load","line":1299,"method":"_load","native":false},{"column":14,"file":"node:diagnostics_channel","function":"TracingChannel.traceSync","line":328,"method":"traceSync","native":false},{"column":24,"file":"node:internal/modules/cjs/loader","function":"wrapModuleLoad","line":245,"method":null,"native":false},{"column":12,"file":"node:internal/modules/cjs/loader","function":"Module.require","line":1503,"method":"require","native":false},{"column":16,"file":"node:internal/modules/helpers","function":"require","line":152,"method":null,"native":false},{"column":5,"file":"C:\\Users\\ANTHONY WAI\\Desktop\\NileFlowBackend2\\routes\\paymentrouter.js","function":null,"line":28,"method":null,"native":false}],"service":"nile-mart-api","env":"development"}
[2025-12-26 00:09:44] ERROR: uncaughtException: Identifier 'cart' has already been declared
C:\Users\ANTHONY WAI\Desktop\NileFlowBackend2\controllers\AdminControllers\PaymentController.js:1106
      const cart = JSON.parse(order.items || "[]");
            ^

SyntaxError: Identifier 'cart' has already been declared
    at wrapSafe (node:internal/modules/cjs/loader:1691:18)
    at Module._compile (node:internal/modules/cjs/loader:1734:20)
    at Object..js (node:internal/modules/cjs/loader:1892:10)
    at Module.load (node:internal/modules/cjs/loader:1480:32)
    at Module._load (node:internal/modules/cjs/loader:1299:12)
    at TracingChannel.traceSync (node:diagnostics_channel:328:14)
    at wrapModuleLoad (node:internal/modules/cjs/loader:245:24)
    at Module.require (node:internal/modules/cjs/loader:1503:12)
    at require (node:internal/modules/helpers:152:16)
    at Object.<anonymous> (C:\Users\ANTHONY WAI\Desktop\NileFlowBackend2\routes\paymentrouter.js:28:5) {"error":{},"stack":"C:\\Users\\ANTHONY WAI\\Desktop\\NileFlowBackend2\\controllers\\AdminControllers\\PaymentController.js:1106\n      const cart = JSON.parse(order.items || \"[]\");\n            ^\n\nSyntaxError: Identifier 'cart' has already been declared\n    at wrapSafe (node:internal/modules/cjs/loader:1691:18)\n    at Module._compile (node:internal/modules/cjs/loader:1734:20)\n    at Object..js (node:internal/modules/cjs/loader:1892:10)\n    at Module.load (node:internal/modules/cjs/loader:1480:32)\n    at Module._load (node:internal/modules/cjs/loader:1299:12)\n    at TracingChannel.traceSync (node:diagnostics_channel:328:14)\n    at wrapModuleLoad (node:internal/modules/cjs/loader:245:24)\n    at Module.require (node:internal/modules/cjs/loader:1503:12)\n    at require (node:internal/modules/helpers:152:16)\n    at Object.<anonymous> (C:\\Users\\ANTHONY WAI\\Desktop\\NileFlowBackend2\\routes\\paymentrouter.js:28:5)","exception":true,"date":"Fri Dec 26 2025 00:09:44 GMT+0300 (East Africa Time)","process":{"pid":17496,"uid":null,"gid":null,"cwd":"C:\\Users\\ANTHONY WAI\\Desktop\\NileFlowBackend2","execPath":"C:\\Program Files\\nodejs\\node.exe","version":"v25.1.0","argv":["C:\\Program Files\\nodejs\\node.exe","C:\\Users\\ANTHONY WAI\\Desktop\\NileFlowBackend2\\src\\index.js"],"memoryUsage":{"rss":80961536,"heapTotal":37642240,"heapUsed":22898960,"external":3751738,"arrayBuffers":75449}},"os":{"loadavg":[0,0,0],"uptime":265994.281},"trace":[{"column":18,"file":"node:internal/modules/cjs/loader","function":"wrapSafe","line":1691,"method":null,"native":false},{"column":20,"file":"node:internal/modules/cjs/loader","function":"Module._compile","line":1734,"method":"_compile","native":false},{"column":10,"file":"node:internal/modules/cjs/loader","function":"Object..js","line":1892,"method":".js","native":false},{"column":32,"file":"node:internal/modules/cjs/loader","function":"Module.load","line":1480,"method":"load","native":false},{"column":12,"file":"node:internal/modules/cjs/loader","function":"Module._load","line":1299,"method":"_load","native":false},{"column":14,"file":"node:diagnostics_channel","function":"TracingChannel.traceSync","line":328,"method":"traceSync","native":false},{"column":24,"file":"node:internal/modules/cjs/loader","function":"wrapModuleLoad","line":245,"method":null,"native":false},{"column":12,"file":"node:internal/modules/cjs/loader","function":"Module.require","line":1503,"method":"require","native":false},{"column":16,"file":"node:internal/modules/helpers","function":"require","line":152,"method":null,"native":false},{"column":5,"file":"C:\\Users\\ANTHONY WAI\\Desktop\\NileFlowBackend2\\routes\\paymentrouter.js","function":null,"line":28,"method":null,"native":false}],"service":"nile-mart-api","env":"development"}
[2025-12-26 00:11:32] ERROR: uncaughtException: Identifier 'cart' has already been declared
C:\Users\ANTHONY WAI\Desktop\NileFlowBackend2\controllers\AdminControllers\PaymentController.js:1106
      const cart = JSON.parse(order.items || "[]");
            ^

SyntaxError: Identifier 'cart' has already been declared
    at wrapSafe (node:internal/modules/cjs/loader:1691:18)
    at Module._compile (node:internal/modules/cjs/loader:1734:20)
    at Object..js (node:internal/modules/cjs/loader:1892:10)
    at Module.load (node:internal/modules/cjs/loader:1480:32)
    at Module._load (node:internal/modules/cjs/loader:1299:12)
    at TracingChannel.traceSync (node:diagnostics_channel:328:14)
    at wrapModuleLoad (node:internal/modules/cjs/loader:245:24)
    at Module.require (node:internal/modules/cjs/loader:1503:12)
    at require (node:internal/modules/helpers:152:16)
    at Object.<anonymous> (C:\Users\ANTHONY WAI\Desktop\NileFlowBackend2\routes\paymentrouter.js:28:5) {"error":{},"stack":"C:\\Users\\ANTHONY WAI\\Desktop\\NileFlowBackend2\\controllers\\AdminControllers\\PaymentController.js:1106\n      const cart = JSON.parse(order.items || \"[]\");\n            ^\n\nSyntaxError: Identifier 'cart' has already been declared\n    at wrapSafe (node:internal/modules/cjs/loader:1691:18)\n    at Module._compile (node:internal/modules/cjs/loader:1734:20)\n    at Object..js (node:internal/modules/cjs/loader:1892:10)\n    at Module.load (node:internal/modules/cjs/loader:1480:32)\n    at Module._load (node:internal/modules/cjs/loader:1299:12)\n    at TracingChannel.traceSync (node:diagnostics_channel:328:14)\n    at wrapModuleLoad (node:internal/modules/cjs/loader:245:24)\n    at Module.require (node:internal/modules/cjs/loader:1503:12)\n    at require (node:internal/modules/helpers:152:16)\n    at Object.<anonymous> (C:\\Users\\ANTHONY WAI\\Desktop\\NileFlowBackend2\\routes\\paymentrouter.js:28:5)","exception":true,"date":"Fri Dec 26 2025 00:11:32 GMT+0300 (East Africa Time)","process":{"pid":16628,"uid":null,"gid":null,"cwd":"C:\\Users\\ANTHONY WAI\\Desktop\\NileFlowBackend2","execPath":"C:\\Program Files\\nodejs\\node.exe","version":"v25.1.0","argv":["C:\\Program Files\\nodejs\\node.exe","C:\\Users\\ANTHONY WAI\\Desktop\\NileFlowBackend2\\src\\index.js"],"memoryUsage":{"rss":81874944,"heapTotal":38166528,"heapUsed":22580336,"external":3751738,"arrayBuffers":75449}},"os":{"loadavg":[0,0,0],"uptime":266102.046},"trace":[{"column":18,"file":"node:internal/modules/cjs/loader","function":"wrapSafe","line":1691,"method":null,"native":false},{"column":20,"file":"node:internal/modules/cjs/loader","function":"Module._compile","line":1734,"method":"_compile","native":false},{"column":10,"file":"node:internal/modules/cjs/loader","function":"Object..js","line":1892,"method":".js","native":false},{"column":32,"file":"node:internal/modules/cjs/loader","function":"Module.load","line":1480,"method":"load","native":false},{"column":12,"file":"node:internal/modules/cjs/loader","function":"Module._load","line":1299,"method":"_load","native":false},{"column":14,"file":"node:diagnostics_channel","function":"TracingChannel.traceSync","line":328,"method":"traceSync","native":false},{"column":24,"file":"node:internal/modules/cjs/loader","function":"wrapModuleLoad","line":245,"method":null,"native":false},{"column":12,"file":"node:internal/modules/cjs/loader","function":"Module.require","line":1503,"method":"require","native":false},{"column":16,"file":"node:internal/modules/helpers","function":"require","line":152,"method":null,"native":false},{"column":5,"file":"C:\\Users\\ANTHONY WAI\\Desktop\\NileFlowBackend2\\routes\\paymentrouter.js","function":null,"line":28,"method":null,"native":false}],"service":"nile-mart-api","env":"development"}
[2025-12-26 00:11:43] ERROR: uncaughtException: Identifier 'cart' has already been declared
C:\Users\ANTHONY WAI\Desktop\NileFlowBackend2\controllers\AdminControllers\PaymentController.js:1106
      const cart = JSON.parse(order.items || "[]");
            ^

SyntaxError: Identifier 'cart' has already been declared
    at wrapSafe (node:internal/modules/cjs/loader:1691:18)
    at Module._compile (node:internal/modules/cjs/loader:1734:20)
    at Object..js (node:internal/modules/cjs/loader:1892:10)
    at Module.load (node:internal/modules/cjs/loader:1480:32)
    at Module._load (node:internal/modules/cjs/loader:1299:12)
    at TracingChannel.traceSync (node:diagnostics_channel:328:14)
    at wrapModuleLoad (node:internal/modules/cjs/loader:245:24)
    at Module.require (node:internal/modules/cjs/loader:1503:12)
    at require (node:internal/modules/helpers:152:16)
    at Object.<anonymous> (C:\Users\ANTHONY WAI\Desktop\NileFlowBackend2\routes\paymentrouter.js:28:5) {"error":{},"stack":"C:\\Users\\ANTHONY WAI\\Desktop\\NileFlowBackend2\\controllers\\AdminControllers\\PaymentController.js:1106\n      const cart = JSON.parse(order.items || \"[]\");\n            ^\n\nSyntaxError: Identifier 'cart' has already been declared\n    at wrapSafe (node:internal/modules/cjs/loader:1691:18)\n    at Module._compile (node:internal/modules/cjs/loader:1734:20)\n    at Object..js (node:internal/modules/cjs/loader:1892:10)\n    at Module.load (node:internal/modules/cjs/loader:1480:32)\n    at Module._load (node:internal/modules/cjs/loader:1299:12)\n    at TracingChannel.traceSync (node:diagnostics_channel:328:14)\n    at wrapModuleLoad (node:internal/modules/cjs/loader:245:24)\n    at Module.require (node:internal/modules/cjs/loader:1503:12)\n    at require (node:internal/modules/helpers:152:16)\n    at Object.<anonymous> (C:\\Users\\ANTHONY WAI\\Desktop\\NileFlowBackend2\\routes\\paymentrouter.js:28:5)","exception":true,"date":"Fri Dec 26 2025 00:11:43 GMT+0300 (East Africa Time)","process":{"pid":7788,"uid":null,"gid":null,"cwd":"C:\\Users\\ANTHONY WAI\\Desktop\\NileFlowBackend2","execPath":"C:\\Program Files\\nodejs\\node.exe","version":"v25.1.0","argv":["C:\\Program Files\\nodejs\\node.exe","C:\\Users\\ANTHONY WAI\\Desktop\\NileFlowBackend2\\src\\index.js"],"memoryUsage":{"rss":81600512,"heapTotal":37380096,"heapUsed":23791784,"external":3751738,"arrayBuffers":75449}},"os":{"loadavg":[0,0,0],"uptime":266113.734},"trace":[{"column":18,"file":"node:internal/modules/cjs/loader","function":"wrapSafe","line":1691,"method":null,"native":false},{"column":20,"file":"node:internal/modules/cjs/loader","function":"Module._compile","line":1734,"method":"_compile","native":false},{"column":10,"file":"node:internal/modules/cjs/loader","function":"Object..js","line":1892,"method":".js","native":false},{"column":32,"file":"node:internal/modules/cjs/loader","function":"Module.load","line":1480,"method":"load","native":false},{"column":12,"file":"node:internal/modules/cjs/loader","function":"Module._load","line":1299,"method":"_load","native":false},{"column":14,"file":"node:diagnostics_channel","function":"TracingChannel.traceSync","line":328,"method":"traceSync","native":false},{"column":24,"file":"node:internal/modules/cjs/loader","function":"wrapModuleLoad","line":245,"method":null,"native":false},{"column":12,"file":"node:internal/modules/cjs/loader","function":"Module.require","line":1503,"method":"require","native":false},{"column":16,"file":"node:internal/modules/helpers","function":"require","line":152,"method":null,"native":false},{"column":5,"file":"C:\\Users\\ANTHONY WAI\\Desktop\\NileFlowBackend2\\routes\\paymentrouter.js","function":null,"line":28,"method":null,"native":false}],"service":"nile-mart-api","env":"development"}
[2025-12-26 00:13:20] ERROR: uncaughtException: Cannot find module 'appwrite'
Require stack:
- C:\Users\ANTHONY WAI\Desktop\NileFlowBackend2\services\premiumOrderTrackingService.js
- C:\Users\ANTHONY WAI\Desktop\NileFlowBackend2\controllers\AdminControllers\PaymentController.js
- C:\Users\ANTHONY WAI\Desktop\NileFlowBackend2\routes\paymentrouter.js
- C:\Users\ANTHONY WAI\Desktop\NileFlowBackend2\src\index.js
Error: Cannot find module 'appwrite'
Require stack:
- C:\Users\ANTHONY WAI\Desktop\NileFlowBackend2\services\premiumOrderTrackingService.js
- C:\Users\ANTHONY WAI\Desktop\NileFlowBackend2\controllers\AdminControllers\PaymentController.js
- C:\Users\ANTHONY WAI\Desktop\NileFlowBackend2\routes\paymentrouter.js
- C:\Users\ANTHONY WAI\Desktop\NileFlowBackend2\src\index.js
    at Module._resolveFilename (node:internal/modules/cjs/loader:1420:15)
    at defaultResolveImpl (node:internal/modules/cjs/loader:1058:19)
    at resolveForCJSWithHooks (node:internal/modules/cjs/loader:1063:22)
    at Module._load (node:internal/modules/cjs/loader:1226:37)
    at TracingChannel.traceSync (node:diagnostics_channel:328:14)
    at wrapModuleLoad (node:internal/modules/cjs/loader:245:24)
    at Module.require (node:internal/modules/cjs/loader:1503:12)
    at require (node:internal/modules/helpers:152:16)
    at Object.<anonymous> (C:\Users\ANTHONY WAI\Desktop\NileFlowBackend2\services\premiumOrderTrackingService.js:2:19)
    at Module._compile (node:internal/modules/cjs/loader:1760:14) {"error":{"code":"MODULE_NOT_FOUND","requireStack":["C:\\Users\\ANTHONY WAI\\Desktop\\NileFlowBackend2\\services\\premiumOrderTrackingService.js","C:\\Users\\ANTHONY WAI\\Desktop\\NileFlowBackend2\\controllers\\AdminControllers\\PaymentController.js","C:\\Users\\ANTHONY WAI\\Desktop\\NileFlowBackend2\\routes\\paymentrouter.js","C:\\Users\\ANTHONY WAI\\Desktop\\NileFlowBackend2\\src\\index.js"]},"stack":"Error: Cannot find module 'appwrite'\nRequire stack:\n- C:\\Users\\ANTHONY WAI\\Desktop\\NileFlowBackend2\\services\\premiumOrderTrackingService.js\n- C:\\Users\\ANTHONY WAI\\Desktop\\NileFlowBackend2\\controllers\\AdminControllers\\PaymentController.js\n- C:\\Users\\ANTHONY WAI\\Desktop\\NileFlowBackend2\\routes\\paymentrouter.js\n- C:\\Users\\ANTHONY WAI\\Desktop\\NileFlowBackend2\\src\\index.js\n    at Module._resolveFilename (node:internal/modules/cjs/loader:1420:15)\n    at defaultResolveImpl (node:internal/modules/cjs/loader:1058:19)\n    at resolveForCJSWithHooks (node:internal/modules/cjs/loader:1063:22)\n    at Module._load (node:internal/modules/cjs/loader:1226:37)\n    at TracingChannel.traceSync (node:diagnostics_channel:328:14)\n    at wrapModuleLoad (node:internal/modules/cjs/loader:245:24)\n    at Module.require (node:internal/modules/cjs/loader:1503:12)\n    at require (node:internal/modules/helpers:152:16)\n    at Object.<anonymous> (C:\\Users\\ANTHONY WAI\\Desktop\\NileFlowBackend2\\services\\premiumOrderTrackingService.js:2:19)\n    at Module._compile (node:internal/modules/cjs/loader:1760:14)","exception":true,"date":"Fri Dec 26 2025 00:13:20 GMT+0300 (East Africa Time)","process":{"pid":1332,"uid":null,"gid":null,"cwd":"C:\\Users\\ANTHONY WAI\\Desktop\\NileFlowBackend2","execPath":"C:\\Program Files\\nodejs\\node.exe","version":"v25.1.0","argv":["C:\\Program Files\\nodejs\\node.exe","C:\\Users\\ANTHONY WAI\\Desktop\\NileFlowBackend2\\src\\index.js"],"memoryUsage":{"rss":81862656,"heapTotal":37904384,"heapUsed":26034928,"external":3751738,"arrayBuffers":75449}},"os":{"loadavg":[0,0,0],"uptime":266210.015},"trace":[{"column":15,"file":"node:internal/modules/cjs/loader","function":"Module._resolveFilename","line":1420,"method":"_resolveFilename","native":false},{"column":19,"file":"node:internal/modules/cjs/loader","function":"defaultResolveImpl","line":1058,"method":null,"native":false},{"column":22,"file":"node:internal/modules/cjs/loader","function":"resolveForCJSWithHooks","line":1063,"method":null,"native":false},{"column":37,"file":"node:internal/modules/cjs/loader","function":"Module._load","line":1226,"method":"_load","native":false},{"column":14,"file":"node:diagnostics_channel","function":"TracingChannel.traceSync","line":328,"method":"traceSync","native":false},{"column":24,"file":"node:internal/modules/cjs/loader","function":"wrapModuleLoad","line":245,"method":null,"native":false},{"column":12,"file":"node:internal/modules/cjs/loader","function":"Module.require","line":1503,"method":"require","native":false},{"column":16,"file":"node:internal/modules/helpers","function":"require","line":152,"method":null,"native":false},{"column":19,"file":"C:\\Users\\ANTHONY WAI\\Desktop\\NileFlowBackend2\\services\\premiumOrderTrackingService.js","function":null,"line":2,"method":null,"native":false},{"column":14,"file":"node:internal/modules/cjs/loader","function":"Module._compile","line":1760,"method":"_compile","native":false}],"service":"nile-mart-api","env":"development"}
[2025-12-26 00:13:31] ERROR: uncaughtException: Cannot find module 'appwrite'
Require stack:
- C:\Users\ANTHONY WAI\Desktop\NileFlowBackend2\services\premiumOrderTrackingService.js
- C:\Users\ANTHONY WAI\Desktop\NileFlowBackend2\controllers\AdminControllers\PaymentController.js
- C:\Users\ANTHONY WAI\Desktop\NileFlowBackend2\routes\paymentrouter.js
- C:\Users\ANTHONY WAI\Desktop\NileFlowBackend2\src\index.js
Error: Cannot find module 'appwrite'
Require stack:
- C:\Users\ANTHONY WAI\Desktop\NileFlowBackend2\services\premiumOrderTrackingService.js
- C:\Users\ANTHONY WAI\Desktop\NileFlowBackend2\controllers\AdminControllers\PaymentController.js
- C:\Users\ANTHONY WAI\Desktop\NileFlowBackend2\routes\paymentrouter.js
- C:\Users\ANTHONY WAI\Desktop\NileFlowBackend2\src\index.js
    at Module._resolveFilename (node:internal/modules/cjs/loader:1420:15)
    at defaultResolveImpl (node:internal/modules/cjs/loader:1058:19)
    at resolveForCJSWithHooks (node:internal/modules/cjs/loader:1063:22)
    at Module._load (node:internal/modules/cjs/loader:1226:37)
    at TracingChannel.traceSync (node:diagnostics_channel:328:14)
    at wrapModuleLoad (node:internal/modules/cjs/loader:245:24)
    at Module.require (node:internal/modules/cjs/loader:1503:12)
    at require (node:internal/modules/helpers:152:16)
    at Object.<anonymous> (C:\Users\ANTHONY WAI\Desktop\NileFlowBackend2\services\premiumOrderTrackingService.js:2:19)
    at Module._compile (node:internal/modules/cjs/loader:1760:14) {"error":{"code":"MODULE_NOT_FOUND","requireStack":["C:\\Users\\ANTHONY WAI\\Desktop\\NileFlowBackend2\\services\\premiumOrderTrackingService.js","C:\\Users\\ANTHONY WAI\\Desktop\\NileFlowBackend2\\controllers\\AdminControllers\\PaymentController.js","C:\\Users\\ANTHONY WAI\\Desktop\\NileFlowBackend2\\routes\\paymentrouter.js","C:\\Users\\ANTHONY WAI\\Desktop\\NileFlowBackend2\\src\\index.js"]},"stack":"Error: Cannot find module 'appwrite'\nRequire stack:\n- C:\\Users\\ANTHONY WAI\\Desktop\\NileFlowBackend2\\services\\premiumOrderTrackingService.js\n- C:\\Users\\ANTHONY WAI\\Desktop\\NileFlowBackend2\\controllers\\AdminControllers\\PaymentController.js\n- C:\\Users\\ANTHONY WAI\\Desktop\\NileFlowBackend2\\routes\\paymentrouter.js\n- C:\\Users\\ANTHONY WAI\\Desktop\\NileFlowBackend2\\src\\index.js\n    at Module._resolveFilename (node:internal/modules/cjs/loader:1420:15)\n    at defaultResolveImpl (node:internal/modules/cjs/loader:1058:19)\n    at resolveForCJSWithHooks (node:internal/modules/cjs/loader:1063:22)\n    at Module._load (node:internal/modules/cjs/loader:1226:37)\n    at TracingChannel.traceSync (node:diagnostics_channel:328:14)\n    at wrapModuleLoad (node:internal/modules/cjs/loader:245:24)\n    at Module.require (node:internal/modules/cjs/loader:1503:12)\n    at require (node:internal/modules/helpers:152:16)\n    at Object.<anonymous> (C:\\Users\\ANTHONY WAI\\Desktop\\NileFlowBackend2\\services\\premiumOrderTrackingService.js:2:19)\n    at Module._compile (node:internal/modules/cjs/loader:1760:14)","exception":true,"date":"Fri Dec 26 2025 00:13:31 GMT+0300 (East Africa Time)","process":{"pid":18252,"uid":null,"gid":null,"cwd":"C:\\Users\\ANTHONY WAI\\Desktop\\NileFlowBackend2","execPath":"C:\\Program Files\\nodejs\\node.exe","version":"v25.1.0","argv":["C:\\Program Files\\nodejs\\node.exe","C:\\Users\\ANTHONY WAI\\Desktop\\NileFlowBackend2\\src\\index.js"],"memoryUsage":{"rss":82169856,"heapTotal":38166528,"heapUsed":25803200,"external":3751738,"arrayBuffers":75449}},"os":{"loadavg":[0,0,0],"uptime":266221.468},"trace":[{"column":15,"file":"node:internal/modules/cjs/loader","function":"Module._resolveFilename","line":1420,"method":"_resolveFilename","native":false},{"column":19,"file":"node:internal/modules/cjs/loader","function":"defaultResolveImpl","line":1058,"method":null,"native":false},{"column":22,"file":"node:internal/modules/cjs/loader","function":"resolveForCJSWithHooks","line":1063,"method":null,"native":false},{"column":37,"file":"node:internal/modules/cjs/loader","function":"Module._load","line":1226,"method":"_load","native":false},{"column":14,"file":"node:diagnostics_channel","function":"TracingChannel.traceSync","line":328,"method":"traceSync","native":false},{"column":24,"file":"node:internal/modules/cjs/loader","function":"wrapModuleLoad","line":245,"method":null,"native":false},{"column":12,"file":"node:internal/modules/cjs/loader","function":"Module.require","line":1503,"method":"require","native":false},{"column":16,"file":"node:internal/modules/helpers","function":"require","line":152,"method":null,"native":false},{"column":19,"file":"C:\\Users\\ANTHONY WAI\\Desktop\\NileFlowBackend2\\services\\premiumOrderTrackingService.js","function":null,"line":2,"method":null,"native":false},{"column":14,"file":"node:internal/modules/cjs/loader","function":"Module._compile","line":1760,"method":"_compile","native":false}],"service":"nile-mart-api","env":"development"}
[2025-12-26 00:14:58] ERROR: uncaughtException: Cannot find module 'appwrite'
Require stack:
- C:\Users\ANTHONY WAI\Desktop\NileFlowBackend2\services\premiumOrderTrackingService.js
- C:\Users\ANTHONY WAI\Desktop\NileFlowBackend2\controllers\AdminControllers\PaymentController.js
- C:\Users\ANTHONY WAI\Desktop\NileFlowBackend2\routes\paymentrouter.js
- C:\Users\ANTHONY WAI\Desktop\NileFlowBackend2\src\index.js
Error: Cannot find module 'appwrite'
Require stack:
- C:\Users\ANTHONY WAI\Desktop\NileFlowBackend2\services\premiumOrderTrackingService.js
- C:\Users\ANTHONY WAI\Desktop\NileFlowBackend2\controllers\AdminControllers\PaymentController.js
- C:\Users\ANTHONY WAI\Desktop\NileFlowBackend2\routes\paymentrouter.js
- C:\Users\ANTHONY WAI\Desktop\NileFlowBackend2\src\index.js
    at Module._resolveFilename (node:internal/modules/cjs/loader:1420:15)
    at defaultResolveImpl (node:internal/modules/cjs/loader:1058:19)
    at resolveForCJSWithHooks (node:internal/modules/cjs/loader:1063:22)
    at Module._load (node:internal/modules/cjs/loader:1226:37)
    at TracingChannel.traceSync (node:diagnostics_channel:328:14)
    at wrapModuleLoad (node:internal/modules/cjs/loader:245:24)
    at Module.require (node:internal/modules/cjs/loader:1503:12)
    at require (node:internal/modules/helpers:152:16)
    at Object.<anonymous> (C:\Users\ANTHONY WAI\Desktop\NileFlowBackend2\services\premiumOrderTrackingService.js:2:19)
    at Module._compile (node:internal/modules/cjs/loader:1760:14) {"error":{"code":"MODULE_NOT_FOUND","requireStack":["C:\\Users\\ANTHONY WAI\\Desktop\\NileFlowBackend2\\services\\premiumOrderTrackingService.js","C:\\Users\\ANTHONY WAI\\Desktop\\NileFlowBackend2\\controllers\\AdminControllers\\PaymentController.js","C:\\Users\\ANTHONY WAI\\Desktop\\NileFlowBackend2\\routes\\paymentrouter.js","C:\\Users\\ANTHONY WAI\\Desktop\\NileFlowBackend2\\src\\index.js"]},"stack":"Error: Cannot find module 'appwrite'\nRequire stack:\n- C:\\Users\\ANTHONY WAI\\Desktop\\NileFlowBackend2\\services\\premiumOrderTrackingService.js\n- C:\\Users\\ANTHONY WAI\\Desktop\\NileFlowBackend2\\controllers\\AdminControllers\\PaymentController.js\n- C:\\Users\\ANTHONY WAI\\Desktop\\NileFlowBackend2\\routes\\paymentrouter.js\n- C:\\Users\\ANTHONY WAI\\Desktop\\NileFlowBackend2\\src\\index.js\n    at Module._resolveFilename (node:internal/modules/cjs/loader:1420:15)\n    at defaultResolveImpl (node:internal/modules/cjs/loader:1058:19)\n    at resolveForCJSWithHooks (node:internal/modules/cjs/loader:1063:22)\n    at Module._load (node:internal/modules/cjs/loader:1226:37)\n    at TracingChannel.traceSync (node:diagnostics_channel:328:14)\n    at wrapModuleLoad (node:internal/modules/cjs/loader:245:24)\n    at Module.require (node:internal/modules/cjs/loader:1503:12)\n    at require (node:internal/modules/helpers:152:16)\n    at Object.<anonymous> (C:\\Users\\ANTHONY WAI\\Desktop\\NileFlowBackend2\\services\\premiumOrderTrackingService.js:2:19)\n    at Module._compile (node:internal/modules/cjs/loader:1760:14)","exception":true,"date":"Fri Dec 26 2025 00:14:58 GMT+0300 (East Africa Time)","process":{"pid":9168,"uid":null,"gid":null,"cwd":"C:\\Users\\ANTHONY WAI\\Desktop\\NileFlowBackend2","execPath":"C:\\Program Files\\nodejs\\node.exe","version":"v25.1.0","argv":["C:\\Program Files\\nodejs\\node.exe","C:\\Users\\ANTHONY WAI\\Desktop\\NileFlowBackend2\\src\\index.js"],"memoryUsage":{"rss":81829888,"heapTotal":37904384,"heapUsed":26531176,"external":3751738,"arrayBuffers":75449}},"os":{"loadavg":[0,0,0],"uptime":266308.578},"trace":[{"column":15,"file":"node:internal/modules/cjs/loader","function":"Module._resolveFilename","line":1420,"method":"_resolveFilename","native":false},{"column":19,"file":"node:internal/modules/cjs/loader","function":"defaultResolveImpl","line":1058,"method":null,"native":false},{"column":22,"file":"node:internal/modules/cjs/loader","function":"resolveForCJSWithHooks","line":1063,"method":null,"native":false},{"column":37,"file":"node:internal/modules/cjs/loader","function":"Module._load","line":1226,"method":"_load","native":false},{"column":14,"file":"node:diagnostics_channel","function":"TracingChannel.traceSync","line":328,"method":"traceSync","native":false},{"column":24,"file":"node:internal/modules/cjs/loader","function":"wrapModuleLoad","line":245,"method":null,"native":false},{"column":12,"file":"node:internal/modules/cjs/loader","function":"Module.require","line":1503,"method":"require","native":false},{"column":16,"file":"node:internal/modules/helpers","function":"require","line":152,"method":null,"native":false},{"column":19,"file":"C:\\Users\\ANTHONY WAI\\Desktop\\NileFlowBackend2\\services\\premiumOrderTrackingService.js","function":null,"line":2,"method":null,"native":false},{"column":14,"file":"node:internal/modules/cjs/loader","function":"Module._compile","line":1760,"method":"_compile","native":false}],"service":"nile-mart-api","env":"development"}
[2025-12-26 00:15:57] ERROR: uncaughtException: Unexpected strict mode reserved word
C:\Users\ANTHONY WAI\Desktop\NileFlowBackend2\controllers\subscriptionController.js:558
  static async getPremiumDeals(req, res) {
  ^^^^^^

SyntaxError: Unexpected strict mode reserved word
    at wrapSafe (node:internal/modules/cjs/loader:1691:18)
    at Module._compile (node:internal/modules/cjs/loader:1734:20)
    at Object..js (node:internal/modules/cjs/loader:1892:10)
    at Module.load (node:internal/modules/cjs/loader:1480:32)
    at Module._load (node:internal/modules/cjs/loader:1299:12)
    at TracingChannel.traceSync (node:diagnostics_channel:328:14)
    at wrapModuleLoad (node:internal/modules/cjs/loader:245:24)
    at Module.require (node:internal/modules/cjs/loader:1503:12)
    at require (node:internal/modules/helpers:152:16)
    at Object.<anonymous> (C:\Users\ANTHONY WAI\Desktop\NileFlowBackend2\routes\subscriptionRoutes.js:6:32) {"error":{},"stack":"C:\\Users\\ANTHONY WAI\\Desktop\\NileFlowBackend2\\controllers\\subscriptionController.js:558\n  static async getPremiumDeals(req, res) {\n  ^^^^^^\n\nSyntaxError: Unexpected strict mode reserved word\n    at wrapSafe (node:internal/modules/cjs/loader:1691:18)\n    at Module._compile (node:internal/modules/cjs/loader:1734:20)\n    at Object..js (node:internal/modules/cjs/loader:1892:10)\n    at Module.load (node:internal/modules/cjs/loader:1480:32)\n    at Module._load (node:internal/modules/cjs/loader:1299:12)\n    at TracingChannel.traceSync (node:diagnostics_channel:328:14)\n    at wrapModuleLoad (node:internal/modules/cjs/loader:245:24)\n    at Module.require (node:internal/modules/cjs/loader:1503:12)\n    at require (node:internal/modules/helpers:152:16)\n    at Object.<anonymous> (C:\\Users\\ANTHONY WAI\\Desktop\\NileFlowBackend2\\routes\\subscriptionRoutes.js:6:32)","exception":true,"date":"Fri Dec 26 2025 00:15:57 GMT+0300 (East Africa Time)","process":{"pid":20084,"uid":null,"gid":null,"cwd":"C:\\Users\\ANTHONY WAI\\Desktop\\NileFlowBackend2","execPath":"C:\\Program Files\\nodejs\\node.exe","version":"v25.1.0","argv":["C:\\Program Files\\nodejs\\node.exe","C:\\Users\\ANTHONY WAI\\Desktop\\NileFlowBackend2\\src\\index.js"],"memoryUsage":{"rss":94253056,"heapTotal":48840704,"heapUsed":38872368,"external":3810228,"arrayBuffers":79053}},"os":{"loadavg":[0,0,0],"uptime":266367.093},"trace":[{"column":18,"file":"node:internal/modules/cjs/loader","function":"wrapSafe","line":1691,"method":null,"native":false},{"column":20,"file":"node:internal/modules/cjs/loader","function":"Module._compile","line":1734,"method":"_compile","native":false},{"column":10,"file":"node:internal/modules/cjs/loader","function":"Object..js","line":1892,"method":".js","native":false},{"column":32,"file":"node:internal/modules/cjs/loader","function":"Module.load","line":1480,"method":"load","native":false},{"column":12,"file":"node:internal/modules/cjs/loader","function":"Module._load","line":1299,"method":"_load","native":false},{"column":14,"file":"node:diagnostics_channel","function":"TracingChannel.traceSync","line":328,"method":"traceSync","native":false},{"column":24,"file":"node:internal/modules/cjs/loader","function":"wrapModuleLoad","line":245,"method":null,"native":false},{"column":12,"file":"node:internal/modules/cjs/loader","function":"Module.require","line":1503,"method":"require","native":false},{"column":16,"file":"node:internal/modules/helpers","function":"require","line":152,"method":null,"native":false},{"column":32,"file":"C:\\Users\\ANTHONY WAI\\Desktop\\NileFlowBackend2\\routes\\subscriptionRoutes.js","function":null,"line":6,"method":null,"native":false}],"service":"nile-mart-api","env":"development"}
[2025-12-26 00:16:14] ERROR: uncaughtException: Unexpected strict mode reserved word
C:\Users\ANTHONY WAI\Desktop\NileFlowBackend2\controllers\subscriptionController.js:558
  static async getPremiumDeals(req, res) {
  ^^^^^^

SyntaxError: Unexpected strict mode reserved word
    at wrapSafe (node:internal/modules/cjs/loader:1691:18)
    at Module._compile (node:internal/modules/cjs/loader:1734:20)
    at Object..js (node:internal/modules/cjs/loader:1892:10)
    at Module.load (node:internal/modules/cjs/loader:1480:32)
    at Module._load (node:internal/modules/cjs/loader:1299:12)
    at TracingChannel.traceSync (node:diagnostics_channel:328:14)
    at wrapModuleLoad (node:internal/modules/cjs/loader:245:24)
    at Module.require (node:internal/modules/cjs/loader:1503:12)
    at require (node:internal/modules/helpers:152:16)
    at Object.<anonymous> (C:\Users\ANTHONY WAI\Desktop\NileFlowBackend2\routes\subscriptionRoutes.js:6:32) {"error":{},"stack":"C:\\Users\\ANTHONY WAI\\Desktop\\NileFlowBackend2\\controllers\\subscriptionController.js:558\n  static async getPremiumDeals(req, res) {\n  ^^^^^^\n\nSyntaxError: Unexpected strict mode reserved word\n    at wrapSafe (node:internal/modules/cjs/loader:1691:18)\n    at Module._compile (node:internal/modules/cjs/loader:1734:20)\n    at Object..js (node:internal/modules/cjs/loader:1892:10)\n    at Module.load (node:internal/modules/cjs/loader:1480:32)\n    at Module._load (node:internal/modules/cjs/loader:1299:12)\n    at TracingChannel.traceSync (node:diagnostics_channel:328:14)\n    at wrapModuleLoad (node:internal/modules/cjs/loader:245:24)\n    at Module.require (node:internal/modules/cjs/loader:1503:12)\n    at require (node:internal/modules/helpers:152:16)\n    at Object.<anonymous> (C:\\Users\\ANTHONY WAI\\Desktop\\NileFlowBackend2\\routes\\subscriptionRoutes.js:6:32)","exception":true,"date":"Fri Dec 26 2025 00:16:14 GMT+0300 (East Africa Time)","process":{"pid":13432,"uid":null,"gid":null,"cwd":"C:\\Users\\ANTHONY WAI\\Desktop\\NileFlowBackend2","execPath":"C:\\Program Files\\nodejs\\node.exe","version":"v25.1.0","argv":["C:\\Program Files\\nodejs\\node.exe","C:\\Users\\ANTHONY WAI\\Desktop\\NileFlowBackend2\\src\\index.js"],"memoryUsage":{"rss":94105600,"heapTotal":48840704,"heapUsed":38915072,"external":3810228,"arrayBuffers":79053}},"os":{"loadavg":[0,0,0],"uptime":266384.046},"trace":[{"column":18,"file":"node:internal/modules/cjs/loader","function":"wrapSafe","line":1691,"method":null,"native":false},{"column":20,"file":"node:internal/modules/cjs/loader","function":"Module._compile","line":1734,"method":"_compile","native":false},{"column":10,"file":"node:internal/modules/cjs/loader","function":"Object..js","line":1892,"method":".js","native":false},{"column":32,"file":"node:internal/modules/cjs/loader","function":"Module.load","line":1480,"method":"load","native":false},{"column":12,"file":"node:internal/modules/cjs/loader","function":"Module._load","line":1299,"method":"_load","native":false},{"column":14,"file":"node:diagnostics_channel","function":"TracingChannel.traceSync","line":328,"method":"traceSync","native":false},{"column":24,"file":"node:internal/modules/cjs/loader","function":"wrapModuleLoad","line":245,"method":null,"native":false},{"column":12,"file":"node:internal/modules/cjs/loader","function":"Module.require","line":1503,"method":"require","native":false},{"column":16,"file":"node:internal/modules/helpers","function":"require","line":152,"method":null,"native":false},{"column":32,"file":"C:\\Users\\ANTHONY WAI\\Desktop\\NileFlowBackend2\\routes\\subscriptionRoutes.js","function":null,"line":6,"method":null,"native":false}],"service":"nile-mart-api","env":"development"}
[2025-12-26 16:23:00] ERROR: uncaughtException: argument handler must be a function
TypeError: argument handler must be a function
    at Route.<computed> [as post] (C:\Users\ANTHONY WAI\Desktop\NileFlowBackend2\node_modules\router\lib\route.js:228:15)
    at Router.<computed> [as post] (C:\Users\ANTHONY WAI\Desktop\NileFlowBackend2\node_modules\router\index.js:448:19)
    at Object.<anonymous> (C:\Users\ANTHONY WAI\Desktop\NileFlowBackend2\routes\Riderroutes\riderRoutes.js:46:8)
    at Module._compile (node:internal/modules/cjs/loader:1760:14)
    at Object..js (node:internal/modules/cjs/loader:1892:10)
    at Module.load (node:internal/modules/cjs/loader:1480:32)
    at Module._load (node:internal/modules/cjs/loader:1299:12)
    at TracingChannel.traceSync (node:diagnostics_channel:328:14)
    at wrapModuleLoad (node:internal/modules/cjs/loader:245:24)
    at Module.require (node:internal/modules/cjs/loader:1503:12) {"error":{},"stack":"TypeError: argument handler must be a function\n    at Route.<computed> [as post] (C:\\Users\\ANTHONY WAI\\Desktop\\NileFlowBackend2\\node_modules\\router\\lib\\route.js:228:15)\n    at Router.<computed> [as post] (C:\\Users\\ANTHONY WAI\\Desktop\\NileFlowBackend2\\node_modules\\router\\index.js:448:19)\n    at Object.<anonymous> (C:\\Users\\ANTHONY WAI\\Desktop\\NileFlowBackend2\\routes\\Riderroutes\\riderRoutes.js:46:8)\n    at Module._compile (node:internal/modules/cjs/loader:1760:14)\n    at Object..js (node:internal/modules/cjs/loader:1892:10)\n    at Module.load (node:internal/modules/cjs/loader:1480:32)\n    at Module._load (node:internal/modules/cjs/loader:1299:12)\n    at TracingChannel.traceSync (node:diagnostics_channel:328:14)\n    at wrapModuleLoad (node:internal/modules/cjs/loader:245:24)\n    at Module.require (node:internal/modules/cjs/loader:1503:12)","exception":true,"date":"Fri Dec 26 2025 16:23:00 GMT+0300 (East Africa Time)","process":{"pid":8364,"uid":null,"gid":null,"cwd":"C:\\Users\\ANTHONY WAI\\Desktop\\NileFlowBackend2","execPath":"C:\\Program Files\\nodejs\\node.exe","version":"v25.1.0","argv":["C:\\Program Files\\nodejs\\node.exe","C:\\Users\\ANTHONY WAI\\Desktop\\NileFlowBackend2\\src\\index.js"],"memoryUsage":{"rss":100343808,"heapTotal":45170688,"heapUsed":35404096,"external":3810228,"arrayBuffers":79053}},"os":{"loadavg":[0,0,0],"uptime":43800.421},"trace":[{"column":15,"file":"C:\\Users\\ANTHONY WAI\\Desktop\\NileFlowBackend2\\node_modules\\router\\lib\\route.js","function":"Route.<computed> [as post]","line":228,"method":"<computed> [as post]","native":false},{"column":19,"file":"C:\\Users\\ANTHONY WAI\\Desktop\\NileFlowBackend2\\node_modules\\router\\index.js","function":"Router.<computed> [as post]","line":448,"method":"<computed> [as post]","native":false},{"column":8,"file":"C:\\Users\\ANTHONY WAI\\Desktop\\NileFlowBackend2\\routes\\Riderroutes\\riderRoutes.js","function":null,"line":46,"method":null,"native":false},{"column":14,"file":"node:internal/modules/cjs/loader","function":"Module._compile","line":1760,"method":"_compile","native":false},{"column":10,"file":"node:internal/modules/cjs/loader","function":"Object..js","line":1892,"method":".js","native":false},{"column":32,"file":"node:internal/modules/cjs/loader","function":"Module.load","line":1480,"method":"load","native":false},{"column":12,"file":"node:internal/modules/cjs/loader","function":"Module._load","line":1299,"method":"_load","native":false},{"column":14,"file":"node:diagnostics_channel","function":"TracingChannel.traceSync","line":328,"method":"traceSync","native":false},{"column":24,"file":"node:internal/modules/cjs/loader","function":"wrapModuleLoad","line":245,"method":null,"native":false},{"column":12,"file":"node:internal/modules/cjs/loader","function":"Module.require","line":1503,"method":"require","native":false}],"service":"nile-mart-api","env":"development"}
[2025-12-27 03:17:07] ERROR: uncaughtException: assignDeliveryToRider is not defined
ReferenceError: assignDeliveryToRider is not defined
    at Object.<anonymous> (C:\Users\ANTHONY WAI\Desktop\NileFlowBackend2\controllers\RiderControler\RiderController.js:841:3)
    at Module._compile (node:internal/modules/cjs/loader:1760:14)
    at Object..js (node:internal/modules/cjs/loader:1892:10)
    at Module.load (node:internal/modules/cjs/loader:1480:32)
    at Module._load (node:internal/modules/cjs/loader:1299:12)
    at TracingChannel.traceSync (node:diagnostics_channel:328:14)
    at wrapModuleLoad (node:internal/modules/cjs/loader:245:24)
    at Module.require (node:internal/modules/cjs/loader:1503:12)
    at require (node:internal/modules/helpers:152:16)
    at Object.<anonymous> (C:\Users\ANTHONY WAI\Desktop\NileFlowBackend2\routes\Riderroutes\riderRoutes.js:18:5) {"error":{},"stack":"ReferenceError: assignDeliveryToRider is not defined\n    at Object.<anonymous> (C:\\Users\\ANTHONY WAI\\Desktop\\NileFlowBackend2\\controllers\\RiderControler\\RiderController.js:841:3)\n    at Module._compile (node:internal/modules/cjs/loader:1760:14)\n    at Object..js (node:internal/modules/cjs/loader:1892:10)\n    at Module.load (node:internal/modules/cjs/loader:1480:32)\n    at Module._load (node:internal/modules/cjs/loader:1299:12)\n    at TracingChannel.traceSync (node:diagnostics_channel:328:14)\n    at wrapModuleLoad (node:internal/modules/cjs/loader:245:24)\n    at Module.require (node:internal/modules/cjs/loader:1503:12)\n    at require (node:internal/modules/helpers:152:16)\n    at Object.<anonymous> (C:\\Users\\ANTHONY WAI\\Desktop\\NileFlowBackend2\\routes\\Riderroutes\\riderRoutes.js:18:5)","exception":true,"date":"Sat Dec 27 2025 03:17:07 GMT+0300 (East Africa Time)","process":{"pid":9924,"uid":null,"gid":null,"cwd":"C:\\Users\\ANTHONY WAI\\Desktop\\NileFlowBackend2","execPath":"C:\\Program Files\\nodejs\\node.exe","version":"v25.1.0","argv":["C:\\Program Files\\nodejs\\node.exe","C:\\Users\\ANTHONY WAI\\Desktop\\NileFlowBackend2\\src\\index.js"],"memoryUsage":{"rss":90202112,"heapTotal":45170688,"heapUsed":35523224,"external":3810228,"arrayBuffers":79053}},"os":{"loadavg":[0,0,0],"uptime":83047.328},"trace":[{"column":3,"file":"C:\\Users\\ANTHONY WAI\\Desktop\\NileFlowBackend2\\controllers\\RiderControler\\RiderController.js","function":null,"line":841,"method":null,"native":false},{"column":14,"file":"node:internal/modules/cjs/loader","function":"Module._compile","line":1760,"method":"_compile","native":false},{"column":10,"file":"node:internal/modules/cjs/loader","function":"Object..js","line":1892,"method":".js","native":false},{"column":32,"file":"node:internal/modules/cjs/loader","function":"Module.load","line":1480,"method":"load","native":false},{"column":12,"file":"node:internal/modules/cjs/loader","function":"Module._load","line":1299,"method":"_load","native":false},{"column":14,"file":"node:diagnostics_channel","function":"TracingChannel.traceSync","line":328,"method":"traceSync","native":false},{"column":24,"file":"node:internal/modules/cjs/loader","function":"wrapModuleLoad","line":245,"method":null,"native":false},{"column":12,"file":"node:internal/modules/cjs/loader","function":"Module.require","line":1503,"method":"require","native":false},{"column":16,"file":"node:internal/modules/helpers","function":"require","line":152,"method":null,"native":false},{"column":5,"file":"C:\\Users\\ANTHONY WAI\\Desktop\\NileFlowBackend2\\routes\\Riderroutes\\riderRoutes.js","function":null,"line":18,"method":null,"native":false}],"service":"nile-mart-api","env":"development"}
[2025-12-27 03:17:29] ERROR: uncaughtException: assignDeliveryToRider is not defined
ReferenceError: assignDeliveryToRider is not defined
    at Object.<anonymous> (C:\Users\ANTHONY WAI\Desktop\NileFlowBackend2\controllers\RiderControler\RiderController.js:841:3)
    at Module._compile (node:internal/modules/cjs/loader:1760:14)
    at Object..js (node:internal/modules/cjs/loader:1892:10)
    at Module.load (node:internal/modules/cjs/loader:1480:32)
    at Module._load (node:internal/modules/cjs/loader:1299:12)
    at TracingChannel.traceSync (node:diagnostics_channel:328:14)
    at wrapModuleLoad (node:internal/modules/cjs/loader:245:24)
    at Module.require (node:internal/modules/cjs/loader:1503:12)
    at require (node:internal/modules/helpers:152:16)
    at Object.<anonymous> (C:\Users\ANTHONY WAI\Desktop\NileFlowBackend2\routes\Riderroutes\riderRoutes.js:18:5) {"error":{},"stack":"ReferenceError: assignDeliveryToRider is not defined\n    at Object.<anonymous> (C:\\Users\\ANTHONY WAI\\Desktop\\NileFlowBackend2\\controllers\\RiderControler\\RiderController.js:841:3)\n    at Module._compile (node:internal/modules/cjs/loader:1760:14)\n    at Object..js (node:internal/modules/cjs/loader:1892:10)\n    at Module.load (node:internal/modules/cjs/loader:1480:32)\n    at Module._load (node:internal/modules/cjs/loader:1299:12)\n    at TracingChannel.traceSync (node:diagnostics_channel:328:14)\n    at wrapModuleLoad (node:internal/modules/cjs/loader:245:24)\n    at Module.require (node:internal/modules/cjs/loader:1503:12)\n    at require (node:internal/modules/helpers:152:16)\n    at Object.<anonymous> (C:\\Users\\ANTHONY WAI\\Desktop\\NileFlowBackend2\\routes\\Riderroutes\\riderRoutes.js:18:5)","exception":true,"date":"Sat Dec 27 2025 03:17:29 GMT+0300 (East Africa Time)","process":{"pid":17924,"uid":null,"gid":null,"cwd":"C:\\Users\\ANTHONY WAI\\Desktop\\NileFlowBackend2","execPath":"C:\\Program Files\\nodejs\\node.exe","version":"v25.1.0","argv":["C:\\Program Files\\nodejs\\node.exe","C:\\Users\\ANTHONY WAI\\Desktop\\NileFlowBackend2\\src\\index.js"],"memoryUsage":{"rss":90537984,"heapTotal":45432832,"heapUsed":35709624,"external":3810228,"arrayBuffers":79053}},"os":{"loadavg":[0,0,0],"uptime":83069.468},"trace":[{"column":3,"file":"C:\\Users\\ANTHONY WAI\\Desktop\\NileFlowBackend2\\controllers\\RiderControler\\RiderController.js","function":null,"line":841,"method":null,"native":false},{"column":14,"file":"node:internal/modules/cjs/loader","function":"Module._compile","line":1760,"method":"_compile","native":false},{"column":10,"file":"node:internal/modules/cjs/loader","function":"Object..js","line":1892,"method":".js","native":false},{"column":32,"file":"node:internal/modules/cjs/loader","function":"Module.load","line":1480,"method":"load","native":false},{"column":12,"file":"node:internal/modules/cjs/loader","function":"Module._load","line":1299,"method":"_load","native":false},{"column":14,"file":"node:diagnostics_channel","function":"TracingChannel.traceSync","line":328,"method":"traceSync","native":false},{"column":24,"file":"node:internal/modules/cjs/loader","function":"wrapModuleLoad","line":245,"method":null,"native":false},{"column":12,"file":"node:internal/modules/cjs/loader","function":"Module.require","line":1503,"method":"require","native":false},{"column":16,"file":"node:internal/modules/helpers","function":"require","line":152,"method":null,"native":false},{"column":5,"file":"C:\\Users\\ANTHONY WAI\\Desktop\\NileFlowBackend2\\routes\\Riderroutes\\riderRoutes.js","function":null,"line":18,"method":null,"native":false}],"service":"nile-mart-api","env":"development"}
[2025-12-27 04:56:31] ERROR: uncaughtException: Cannot find module 'nodemailer'
Require stack:
- C:\Users\ANTHONY WAI\Desktop\NileFlowBackend2\services\emailService.js
- C:\Users\ANTHONY WAI\Desktop\NileFlowBackend2\controllers\RiderControler\RiderController.js
- C:\Users\ANTHONY WAI\Desktop\NileFlowBackend2\routes\Riderroutes\riderRoutes.js
- C:\Users\ANTHONY WAI\Desktop\NileFlowBackend2\src\index.js
Error: Cannot find module 'nodemailer'
Require stack:
- C:\Users\ANTHONY WAI\Desktop\NileFlowBackend2\services\emailService.js
- C:\Users\ANTHONY WAI\Desktop\NileFlowBackend2\controllers\RiderControler\RiderController.js
- C:\Users\ANTHONY WAI\Desktop\NileFlowBackend2\routes\Riderroutes\riderRoutes.js
- C:\Users\ANTHONY WAI\Desktop\NileFlowBackend2\src\index.js
    at Module._resolveFilename (node:internal/modules/cjs/loader:1420:15)
    at defaultResolveImpl (node:internal/modules/cjs/loader:1058:19)
    at resolveForCJSWithHooks (node:internal/modules/cjs/loader:1063:22)
    at Module._load (node:internal/modules/cjs/loader:1226:37)
    at TracingChannel.traceSync (node:diagnostics_channel:328:14)
    at wrapModuleLoad (node:internal/modules/cjs/loader:245:24)
    at Module.require (node:internal/modules/cjs/loader:1503:12)
    at require (node:internal/modules/helpers:152:16)
    at Object.<anonymous> (C:\Users\ANTHONY WAI\Desktop\NileFlowBackend2\services\emailService.js:1:20)
    at Module._compile (node:internal/modules/cjs/loader:1760:14) {"error":{"code":"MODULE_NOT_FOUND","requireStack":["C:\\Users\\ANTHONY WAI\\Desktop\\NileFlowBackend2\\services\\emailService.js","C:\\Users\\ANTHONY WAI\\Desktop\\NileFlowBackend2\\controllers\\RiderControler\\RiderController.js","C:\\Users\\ANTHONY WAI\\Desktop\\NileFlowBackend2\\routes\\Riderroutes\\riderRoutes.js","C:\\Users\\ANTHONY WAI\\Desktop\\NileFlowBackend2\\src\\index.js"]},"stack":"Error: Cannot find module 'nodemailer'\nRequire stack:\n- C:\\Users\\ANTHONY WAI\\Desktop\\NileFlowBackend2\\services\\emailService.js\n- C:\\Users\\ANTHONY WAI\\Desktop\\NileFlowBackend2\\controllers\\RiderControler\\RiderController.js\n- C:\\Users\\ANTHONY WAI\\Desktop\\NileFlowBackend2\\routes\\Riderroutes\\riderRoutes.js\n- C:\\Users\\ANTHONY WAI\\Desktop\\NileFlowBackend2\\src\\index.js\n    at Module._resolveFilename (node:internal/modules/cjs/loader:1420:15)\n    at defaultResolveImpl (node:internal/modules/cjs/loader:1058:19)\n    at resolveForCJSWithHooks (node:internal/modules/cjs/loader:1063:22)\n    at Module._load (node:internal/modules/cjs/loader:1226:37)\n    at TracingChannel.traceSync (node:diagnostics_channel:328:14)\n    at wrapModuleLoad (node:internal/modules/cjs/loader:245:24)\n    at Module.require (node:internal/modules/cjs/loader:1503:12)\n    at require (node:internal/modules/helpers:152:16)\n    at Object.<anonymous> (C:\\Users\\ANTHONY WAI\\Desktop\\NileFlowBackend2\\services\\emailService.js:1:20)\n    at Module._compile (node:internal/modules/cjs/loader:1760:14)","exception":true,"date":"Sat Dec 27 2025 04:56:31 GMT+0300 (East Africa Time)","process":{"pid":20628,"uid":null,"gid":null,"cwd":"C:\\Users\\ANTHONY WAI\\Desktop\\NileFlowBackend2","execPath":"C:\\Program Files\\nodejs\\node.exe","version":"v25.1.0","argv":["C:\\Program Files\\nodejs\\node.exe","C:\\Users\\ANTHONY WAI\\Desktop\\NileFlowBackend2\\src\\index.js"],"memoryUsage":{"rss":93954048,"heapTotal":44908544,"heapUsed":35380720,"external":3810228,"arrayBuffers":79053}},"os":{"loadavg":[0,0,0],"uptime":89010.875},"trace":[{"column":15,"file":"node:internal/modules/cjs/loader","function":"Module._resolveFilename","line":1420,"method":"_resolveFilename","native":false},{"column":19,"file":"node:internal/modules/cjs/loader","function":"defaultResolveImpl","line":1058,"method":null,"native":false},{"column":22,"file":"node:internal/modules/cjs/loader","function":"resolveForCJSWithHooks","line":1063,"method":null,"native":false},{"column":37,"file":"node:internal/modules/cjs/loader","function":"Module._load","line":1226,"method":"_load","native":false},{"column":14,"file":"node:diagnostics_channel","function":"TracingChannel.traceSync","line":328,"method":"traceSync","native":false},{"column":24,"file":"node:internal/modules/cjs/loader","function":"wrapModuleLoad","line":245,"method":null,"native":false},{"column":12,"file":"node:internal/modules/cjs/loader","function":"Module.require","line":1503,"method":"require","native":false},{"column":16,"file":"node:internal/modules/helpers","function":"require","line":152,"method":null,"native":false},{"column":20,"file":"C:\\Users\\ANTHONY WAI\\Desktop\\NileFlowBackend2\\services\\emailService.js","function":null,"line":1,"method":null,"native":false},{"column":14,"file":"node:internal/modules/cjs/loader","function":"Module._compile","line":1760,"method":"_compile","native":false}],"service":"nile-mart-api","env":"development"}
[2025-12-27 04:56:38] ERROR: uncaughtException: Cannot find module 'nodemailer'
Require stack:
- C:\Users\ANTHONY WAI\Desktop\NileFlowBackend2\services\emailService.js
- C:\Users\ANTHONY WAI\Desktop\NileFlowBackend2\controllers\RiderControler\RiderController.js
- C:\Users\ANTHONY WAI\Desktop\NileFlowBackend2\routes\Riderroutes\riderRoutes.js
- C:\Users\ANTHONY WAI\Desktop\NileFlowBackend2\src\index.js
Error: Cannot find module 'nodemailer'
Require stack:
- C:\Users\ANTHONY WAI\Desktop\NileFlowBackend2\services\emailService.js
- C:\Users\ANTHONY WAI\Desktop\NileFlowBackend2\controllers\RiderControler\RiderController.js
- C:\Users\ANTHONY WAI\Desktop\NileFlowBackend2\routes\Riderroutes\riderRoutes.js
- C:\Users\ANTHONY WAI\Desktop\NileFlowBackend2\src\index.js
    at Module._resolveFilename (node:internal/modules/cjs/loader:1420:15)
    at defaultResolveImpl (node:internal/modules/cjs/loader:1058:19)
    at resolveForCJSWithHooks (node:internal/modules/cjs/loader:1063:22)
    at Module._load (node:internal/modules/cjs/loader:1226:37)
    at TracingChannel.traceSync (node:diagnostics_channel:328:14)
    at wrapModuleLoad (node:internal/modules/cjs/loader:245:24)
    at Module.require (node:internal/modules/cjs/loader:1503:12)
    at require (node:internal/modules/helpers:152:16)
    at Object.<anonymous> (C:\Users\ANTHONY WAI\Desktop\NileFlowBackend2\services\emailService.js:1:20)
    at Module._compile (node:internal/modules/cjs/loader:1760:14) {"error":{"code":"MODULE_NOT_FOUND","requireStack":["C:\\Users\\ANTHONY WAI\\Desktop\\NileFlowBackend2\\services\\emailService.js","C:\\Users\\ANTHONY WAI\\Desktop\\NileFlowBackend2\\controllers\\RiderControler\\RiderController.js","C:\\Users\\ANTHONY WAI\\Desktop\\NileFlowBackend2\\routes\\Riderroutes\\riderRoutes.js","C:\\Users\\ANTHONY WAI\\Desktop\\NileFlowBackend2\\src\\index.js"]},"stack":"Error: Cannot find module 'nodemailer'\nRequire stack:\n- C:\\Users\\ANTHONY WAI\\Desktop\\NileFlowBackend2\\services\\emailService.js\n- C:\\Users\\ANTHONY WAI\\Desktop\\NileFlowBackend2\\controllers\\RiderControler\\RiderController.js\n- C:\\Users\\ANTHONY WAI\\Desktop\\NileFlowBackend2\\routes\\Riderroutes\\riderRoutes.js\n- C:\\Users\\ANTHONY WAI\\Desktop\\NileFlowBackend2\\src\\index.js\n    at Module._resolveFilename (node:internal/modules/cjs/loader:1420:15)\n    at defaultResolveImpl (node:internal/modules/cjs/loader:1058:19)\n    at resolveForCJSWithHooks (node:internal/modules/cjs/loader:1063:22)\n    at Module._load (node:internal/modules/cjs/loader:1226:37)\n    at TracingChannel.traceSync (node:diagnostics_channel:328:14)\n    at wrapModuleLoad (node:internal/modules/cjs/loader:245:24)\n    at Module.require (node:internal/modules/cjs/loader:1503:12)\n    at require (node:internal/modules/helpers:152:16)\n    at Object.<anonymous> (C:\\Users\\ANTHONY WAI\\Desktop\\NileFlowBackend2\\services\\emailService.js:1:20)\n    at Module._compile (node:internal/modules/cjs/loader:1760:14)","exception":true,"date":"Sat Dec 27 2025 04:56:38 GMT+0300 (East Africa Time)","process":{"pid":16184,"uid":null,"gid":null,"cwd":"C:\\Users\\ANTHONY WAI\\Desktop\\NileFlowBackend2","execPath":"C:\\Program Files\\nodejs\\node.exe","version":"v25.1.0","argv":["C:\\Program Files\\nodejs\\node.exe","C:\\Users\\ANTHONY WAI\\Desktop\\NileFlowBackend2\\src\\index.js"],"memoryUsage":{"rss":94203904,"heapTotal":45170688,"heapUsed":35406728,"external":3810228,"arrayBuffers":79053}},"os":{"loadavg":[0,0,0],"uptime":89018.171},"trace":[{"column":15,"file":"node:internal/modules/cjs/loader","function":"Module._resolveFilename","line":1420,"method":"_resolveFilename","native":false},{"column":19,"file":"node:internal/modules/cjs/loader","function":"defaultResolveImpl","line":1058,"method":null,"native":false},{"column":22,"file":"node:internal/modules/cjs/loader","function":"resolveForCJSWithHooks","line":1063,"method":null,"native":false},{"column":37,"file":"node:internal/modules/cjs/loader","function":"Module._load","line":1226,"method":"_load","native":false},{"column":14,"file":"node:diagnostics_channel","function":"TracingChannel.traceSync","line":328,"method":"traceSync","native":false},{"column":24,"file":"node:internal/modules/cjs/loader","function":"wrapModuleLoad","line":245,"method":null,"native":false},{"column":12,"file":"node:internal/modules/cjs/loader","function":"Module.require","line":1503,"method":"require","native":false},{"column":16,"file":"node:internal/modules/helpers","function":"require","line":152,"method":null,"native":false},{"column":20,"file":"C:\\Users\\ANTHONY WAI\\Desktop\\NileFlowBackend2\\services\\emailService.js","function":null,"line":1,"method":null,"native":false},{"column":14,"file":"node:internal/modules/cjs/loader","function":"Module._compile","line":1760,"method":"_compile","native":false}],"service":"nile-mart-api","env":"development"}
